Workbook
Name agricode: #REF!
Name agriVar: #REF!
Name ajiC: #REF!
Name ajiR: #REF!
Name ajiS: #REF!
Name algodonC: #REF!
Name algodonP: #REF!
Name algodonPr: #REF!
Name algodonR: #REF!
Name algodonS: #REF!
Name amilaceo: #REF!
Name amilaceoC: #REF!
Name amilaceoP: #REF!
Name amilaceoPr: #REF!
Name amilaceoR: #REF!
Name amilaceoS: #REF!
Name apioC: #REF!
Name apioR: #REF!
Name apioS: #REF!
Name arrozC: #REF!
Name arrozP: #REF!
Name arrozPr: #REF!
Name arrozR: #REF!
Name arrozS: #REF!
Name arvejagsC: #REF!
Name arvejagsP: #REF!
Name arvejagsPr: #REF!
Name arvejagsR: #REF!
Name arvejagsS: #REF!
Name betarragaC: #REF!
Name betarragaR: #REF!
Name betarragaS: #REF!
Name cafeC: #REF!
Name cafeP: #REF!
Name cafePr: #REF!
Name cafeR: #REF!
Name cafeS: #REF!
Name caiguaC: #REF!
Name caiguaR: #REF!
Name caiguaS: #REF!
Name camoteC: #REF!
Name camoteP: #REF!
Name camotePr: #REF!
Name camoteR: #REF!
Name camoteS: #REF!
Name cañaC: #REF!
Name cañaP: #REF!
Name cañaPr: #REF!
Name cañaR: #REF!
Name cañaS: #REF!
Name cañihuaC: #REF!
Name cañihuaP: #REF!
Name cañihuaPr: #REF!
Name cañihuaR: #REF!
Name cañihuaS: #REF!
Name cebadac: #REF!
Name cebadaP: #REF!
Name cebadaPr: #REF!
Name cebadaR: #REF!
Name cebadas: #REF!

Sheet indicad
A1: INDICADORES ECONOMICOS
A8: Cuadro | B8: Descripción
A9: C.1 | B9: Perú: Valor de la Producción Agropecuaria, por subsectores. Enero - Junio 2020/2021 (Millones de soles a precios 2007)
A10: C.2 | B10: Perú: Evaluación de la Producción Agroindustrial de principales actividades, según producto terminado, Enero - Junio 2020/2021 (Millones de soles a precios 2007)
A11: C.3 | B11: Perú: Valor Bruto de la Producción Agropecuaria, por región, Enero - Junio 2020/2021 (Millones de soles a precios 2007 )
A12: C.4 | B12: Perú: Valor de la Producción Agropecuaria, por subsectores y principales productos, Enero - Junio 2020_2021 (Millones de soles a precios 2007)
A13: C.5 | B13: Perú: Producción Agropecuaria, por subsectores y principales productos, Enero - Junio 2020/2021 (Miles de toneladas)
A14: C.6 | B14: Perú: Valor de la Producción agropecuaria (VBP), por subsectores y principales productos, Enero - Junio 2000/2020 (Millones de soles a precio 2007)
A15: C.7 | B15: Perú: Producción agropecuaria, por subsectores y principales productos, Enero - Junio 2000/2021 (Miles de toneladas)
A16: C.8 | B16: Perú: Variación porcentual del Valor de la Producción Agropecuaria, por subsectores y principales productos, Enero -Junio 2000-2021
A17: C.9 | B17: Perú: Evaluación de la producción Agroindustrial de las principales actividades, por producto terminado (Millones de soles a precios 2007)

Sheet c-1
A1: C.1 PERÚ: VALOR BRUTO DE LA PRODUCCIÓN AGROPECUARIA POR SUBSECTORES, ENERO-JUNIO 2020-2021
A2: (Millones de soles a precios 2007)
A4: Principales productos | C4: Enero - Junio | F4: Junio
C5: 2020 p/ | D5: 2021 p/ | E5: Var. % | F5: 2020 p/ | G5: 2021 p/ | H5: Var. %
A6: Sector Agropecuario | C6: 20687.928 | D6: 20670.474 | E6: -0.084367132 | F6: 3932.3019 | G6: 4278.7816 | H6: 8.8111147
A7: Sub Sector Agrícola | C7: 13474.549 | D7: 13421.42 | E7: -0.39429143 | F7: 2719.6967 | G7: 3039.1589 | H7: 11.746244
B8: Cereales | C8: 2812.0184 | D8: 2674.2367 | E8: -4.899747 | F8: 805.93249 | G8: 1018.5024 | H8: 26.37565
B9: Hortalizas | C9: 1375.6435 | D9: 1385.1535 | E9: 0.69131302 | F9: 187.4126 | G9: 197.11694 | H9: 5.1780605
B10: Frutas y nueces | C10: 2677.6692 | D10: 2865.3362 | E10: 7.0085966 | F10: 417.31753 | G10: 456.42902 | H10: 9.372119
B11: Semillas aceiteras y frutos oleaginosos | C11: 487.49048 | D11: 459.45045 | E11: -5.7519136 | F11: 65.62971 | G11: 96.282373 | H11: 46.705466
B12: Raíces y tubérculos comestibles con alto contenido en almidón o inulina | C12: 2281.5439 | D12: 2299.0988 | E12: 0.76943184 | F12: 367.61722 | G12: 388.96635 | H12: 5.8074356
B13: Cultivos estimulantes, de especias y aromáticos | C13: 1885.3723 | D13: 1785.6286 | E13: -5.290397 | F13: 555.66628 | G13: 553.17718 | H13: -0.44794865
B14: Legumbres (hortalizas leguminosas secas) | C14: 197.74715 | D14: 206.40313 | E14: 4.3772992 | F14: 92.415616 | G14: 102.80444 | H14: 11.241415
B15: Cultivos de azúcar | C15: 352.81897 | D15: 325.17932 | E15: -7.8339453 | F15: 69.564661 | G15: 64.83658 | H15: -6.7966715
B16: Productos de forraje, fibras, plantas vivas, flores y capullos de flores, tabaco en rama y caucho natural | C16: 1403.434 | D16: 1420.1591 | E16: 1.1917284 | F16: 157.77356 | G16: 160.7352 | H16: 1.8771472
B17: Productos silvícolas y forestales | C17: 0.81116986 | D17: 0.77425801 | E17: -4.5504467 | F17: 0.36702545 | G17: 0.3083798 | H17: -15.978633
A18: Sub Sector Pecuario | C18: 7213.3788 | D18: 7249.054 | E18: 0.49456964 | F18: 1212.6052 | G18: 1239.6227 | H18: 2.2280485
B19: Animales vivos | C19: 5474.5063 | D19: 5480.6809 | E19: 0.11278679 | F19: 931.09522 | G19: 953.11069 | H19: 2.3644702
B20: Leche cruda | C20: 917.72964 | D20: 935.74722 | E20: 1.9632773 | F20: 152.51374 | G20: 156.33357 | H20: 2.5045795
B21: Huevos de gallina u otras aves, con cáscara, frescos | C21: 761.88233 | D21: 771.56467 | E21: 1.2708457 | F21: 127.08594 | G21: 128.35224 | H21: 0.99641083
B22: Otros productos de animales | C22: 59.260493 | D22: 61.061228 | E22: 3.0386775 | F22: 1.9103354 | G22: 1.8261733 | H22: -4.4056182
A23: 1/ Preliminar
A24: Elaboración: MIDAGRI-DGESEP (DEIA)

Sheet C-2
A1: C.2 PERÚ: EVALUACIÓN DE LA PRODUCCIÓN AGROINDUSTRIAL DE PRINCIPALES ACTIVIDADES,
A2: SEGÚN PRODUCTO TERMINADO
A3: (Millones de soles a precios 2007)
A5: Sector/Producto | B5: Enero - Junio | D5: Var. | E5: Junio | G5: Var.
B6: 2020p/ | C6: 2021p/ | D6: % | E6: 2020p/ | F6: 2021p/ | G6: %
A7: Sector Agroindustrial | B7: =+'[1]C-9'!B7 -> 6564.7235 | C7: =+'[1]C-9'!C7 -> 6931.0563 | D7: =+'[1]C-9'!D7 -> 5.5803236 | E7: =+'[1]C-9'!E7 -> 1182.411 | F7: =+'[1]C-9'!F7 -> 1212.0669 | G7: =+'[1]C-9'!G7 -> 2.5080858
A8: Aceites y Grasas | B8: =+'[1]C-9'!B8 -> 1079.484 | C8: =+'[1]C-9'!C8 -> 1219.5153 | D8: =+'[1]C-9'!D8 -> 12.972063 | E8: =+'[1]C-9'!E8 -> 200.97476 | F8: =+'[1]C-9'!F8 -> 224.92687 | G8: =+'[1]C-9'!G8 -> 11.91797
A9: Alimentos Balanceados | B9: =+'[1]C-9'!B15 -> 1867.9602 | C9: =+'[1]C-9'!C15 -> 1856.2588 | D9: =+'[1]C-9'!D15 -> -0.62643104 | E9: =+'[1]C-9'!E15 -> 287.98274 | F9: =+'[1]C-9'!F15 -> 320.07219 | G9: =+'[1]C-9'!G15 -> 11.142839
A10: Avena Elaborada | B10: =+'[1]C-9'!B23 -> 69.923095 | C10: =+'[1]C-9'!C23 -> 50.457618 | D10: =+'[1]C-9'!D23 -> -27.838408 | E10: =+'[1]C-9'!E23 -> 12.949288 | F10: =+'[1]C-9'!F23 -> 6.5973438 | G10: =+'[1]C-9'!G23 -> -49.052459
A11: Azúcar | B11: =+'[1]C-9'!B26 -> 657.68753 | C11: =+'[1]C-9'!C26 -> 599.39885 | D11: =+'[1]C-9'!D26 -> -8.8626709 | E11: =+'[1]C-9'!E26 -> 131.11621 | F11: =+'[1]C-9'!F26 -> 101.88416 | G11: =+'[1]C-9'!G26 -> -22.294761
A12: Embutidos y Carnes Preparadas | B12: =+'[1]C-9'!B28 -> 183.82836 | C12: =+'[1]C-9'!C28 -> 187.07356 | D12: =+'[1]C-9'!D28 -> 1.7653422 | E12: =+'[1]C-9'!E28 -> 31.853022 | F12: =+'[1]C-9'!F28 -> 33.061921 | G12: =+'[1]C-9'!G28 -> 3.7952414
A13: Espárragos | B13: =+'[1]C-9'!B38 -> 105.3253 | C13: =+'[1]C-9'!C38 -> 179.4515 | D13: =+'[1]C-9'!D38 -> 70.378347 | E13: =+'[1]C-9'!E38 -> 15.372464 | F13: =+'[1]C-9'!F38 -> 37.690189 | G13: =+'[1]C-9'!G38 -> 145.17987
A14: Fideos | B14: =+'[1]C-9'!B42 -> 483.90387 | C14: =+'[1]C-9'!C42 -> 435.26446 | D14: =+'[1]C-9'!D42 -> -10.051463 | E14: =+'[1]C-9'!E42 -> 95.097435 | F14: =+'[1]C-9'!F42 -> 76.233021 | G14: =+'[1]C-9'!G42 -> -19.836933
A15: Harina y Derivados | B15: =+'[1]C-9'!B46 -> 1117.9564 | C15: =+'[1]C-9'!C46 -> 1256.944 | D15: =+'[1]C-9'!D46 -> 12.432293 | E15: =+'[1]C-9'!E46 -> 205.1121 | F15: =+'[1]C-9'!F46 -> 219.85704 | G15: =+'[1]C-9'!G46 -> 7.1887204
A16: L eche | B16: =+'[1]C-9'!B51 -> 998.65469 | C16: =+'[1]C-9'!C51 -> 1146.6922 | D16: =+'[1]C-9'!D51 -> 14.823694 | E16: =+'[1]C-9'!E51 -> 201.95303 | F16: =+'[1]C-9'!F51 -> 191.7442 | G16: =+'[1]C-9'!G51 -> -5.0550542
A17: p/ Preliminar
A18: Fuente: Direcciones Regionales de Agricultura
A19: Elaboración: MIDAGRI - DGESEP (DEIA)

Sheet c-3
A1: C.3 PERÚ: VALOR BRUTO DE LA PRODUCCIÓN AGROPECUARIA, POR REGIÓN, ENERO-JUNIO 2020-2021
A2: (Millones de soles a precios 2007)
A4: Región | B4: Agropecuaria | H4: Agrícola | N4: Pecuario
B5: Enero - Junio | E5: Junio | H5: Enero - Junio | K5: Junio | N5: Enero - Junio | Q5: Junio
B6: 2020 p/ | C6: 2021 p/ | D6: Var. % | E6: 2020 p/ | F6: 2021 p/ | G6: Var. % | H6: 2020 p/ | I6: 2021 p/ | J6: Var. % | K6: 2020 p/ | L6: 2021 p/ | M6: Var. % | N6: 2020 p/ | O6: 2021 p/ | P6: Var. % | Q6: 2020 p/ | R6: 2021 p/ | S6: Var. %
A7: Sector/Subsector | B7: 20687.928 | C7: 20670.474 | D7: -0.084367132 | E7: 3932.3019 | F7: 4278.7816 | G7: 8.8111147 | H7: 13474.549 | I7: 13421.42 | J7: -0.39429143 | K7: 2719.6967 | L7: 3039.1589 | M7: 11.746244 | N7: 7213.3788 | O7: 7249.054 | P7: 0.49456964 | Q7: 1212.6052 | R7: 1239.6227 | S7: 2.2280485
A8: Amazonas | B8: 637.89441 | C8: 612.81307 | D8: -3.9318954 | E8: 142.86184 | F8: 146.75908 | G8: 2.7279772 | H8: 548.01921 | I8: 530.80177 | J8: -3.1417576 | K8: 128.59606 | L8: 133.3263 | M8: 3.6783756 | N8: 89.8752 | O8: 82.011295 | P8: -8.7498056 | Q8: 14.26578 | R8: 13.432772 | S8: -5.8392014
A9: Ancash | B9: 491.67537 | C9: 506.19806 | D9: 2.9537139 | E9: 61.800908 | F9: 69.406024 | G9: 12.305832 | H9: 336.32266 | I9: 351.93779 | J9: 4.6429019 | K9: 36.626155 | L9: 43.77834 | M9: 19.527533 | N9: 155.35271 | O9: 154.26026 | P9: -0.70320444 | Q9: 25.174753 | R9: 25.627684 | S9: 1.7991493
A10: Apurímac | B10: 380.52947 | C10: 386.90635 | D10: 1.6757902 | E10: 127.81803 | F10: 154.12289 | G10: 20.579931 | H10: 319.64069 | I10: 327.43673 | J10: 2.4390018 | K10: 118.22556 | L10: 144.78136 | M10: 22.461974 | N10: 60.88878 | O10: 59.469613 | P10: -2.3307527 | Q10: 9.5924656 | R10: 9.3415324 | S10: -2.6159411
A11: Arequipa | B11: 1461.9908 | C11: 1469.7091 | D11: 0.52792696 | E11: 232.18898 | F11: 216.80418 | G11: -6.6259835 | H11: 834.26095 | I11: 841.32724 | J11: 0.84701115 | K11: 129.40468 | L11: 111.55995 | M11: -13.789858 | N11: 627.7299 | O11: 628.38186 | P11: 0.10386004 | Q11: 102.7843 | R11: 105.24422 | S11: 2.3932814
A12: Ayacucho | B12: 533.63799 | C12: 464.4649 | D12: -12.962551 | E12: 108.13647 | F12: 127.3844 | G12: 17.799665 | H12: 422.52787 | I12: 355.35645 | J12: -15.897512 | K12: 87.708245 | L12: 107.35064 | M12: 22.39515 | N12: 111.11013 | O12: 109.10845 | P12: -1.8015271 | Q12: 20.428228 | R12: 20.033765 | S12: -1.9309695
A13: Cajamarca | B13: 872.01626 | C13: 903.72482 | D13: 3.6362346 | E13: 228.05017 | F13: 240.24884 | G13: 5.349118 | H13: 590.12085 | I13: 617.52437 | J13: 4.6437138 | K13: 182.05103 | L13: 192.68658 | M13: 5.8420742 | N13: 281.89541 | O13: 286.20045 | P13: 1.5271742 | Q13: 45.999145 | R13: 47.562261 | S13: 3.3981428
A14: Cusco | B14: 785.30918 | C14: 815.71859 | D14: 3.8722851 | E14: 160.849 | F14: 196.03744 | G14: 21.876686 | H14: 616.94272 | I14: 633.92199 | J14: 2.7521626 | K14: 133.0822 | L14: 165.50977 | M14: 24.366574 | N14: 168.36646 | O14: 181.7966 | P14: 7.9767332 | Q14: 27.766806 | R14: 30.527667 | S14: 9.9430254
A15: Huancavelica | B15: 330.58814 | C15: 287.87823 | D15: -12.919372 | E15: 95.863527 | F15: 90.425745 | G15: -5.6724203 | H15: 281.45805 | I15: 240.10141 | J15: -14.693711 | K15: 86.425061 | L15: 81.367445 | M15: -5.852025 | N15: 49.130093 | O15: 47.776813 | P15: -2.7544822 | Q15: 9.4384657 | R15: 9.0582997 | S15: -4.0278363
A16: Huánuco | B16: 647.09817 | C16: 668.42672 | D16: 3.2960295 | E16: 113.85392 | F16: 113.87354 | G16: 0.01723289 | H16: 489.52987 | I16: 507.44897 | J16: 3.6604713 | K16: 86.970394 | L16: 87.079957 | M16: 0.12597835 | N16: 157.56829 | O16: 160.97774 | P16: 2.1637894 | Q16: 26.883522 | R16: 26.793579 | S16: -0.33456756
A17: Ica | B17: 1609.2748 | C17: 1680.2039 | D17: 4.4075165 | E17: 239.63075 | F17: 259.55091 | G17: 8.3128576 | H17: 1004.6635 | I17: 1069.3423 | J17: 6.4378524 | K17: 138.71237 | L17: 156.44125 | M17: 12.78104 | N17: 604.61129 | O17: 610.86159 | P17: 1.0337713 | Q17: 100.91838 | R17: 103.10966 | S17: 2.1713388
A18: Junin | B18: 1138.2091 | C18: 1157.623 | D18: 1.7056519 | E18: 267.93496 | F18: 263.62992 | G18: -1.6067481 | H18: 1025.8873 | I18: 1034.4216 | J18: 0.83189569 | K18: 250.20291 | L18: 244.13913 | M18: -2.4235422 | N18: 112.32184 | O18: 123.20141 | P18: 9.6860721 | Q18: 17.732051 | R18: 19.490784 | S18: 9.9183867
... A31: Ucayali | B31: 328.62785 | C31: 382.02992 | D31: 16.250011 | E31: 63.105656 | F31: 82.710137 | G31: 31.066123 | H31: 281.87945 | I31: 335.35436 | J31: 18.970841 | K31: 53.793538 | L31: 73.190068 | M31: 36.057361 | N31: 46.748402 | O31: 46.675563 | P31: -0.15581021 | Q31: 9.3121182 | R31: 9.5200691 | S31: 2.2331205
A32: p/ Preliminar
A33: Elaboración: MIDAGRI - DGESEP (DEIA)

Sheet c-4
A1: C.4 PERÚ: VALOR DE LA PRODUCCIÓN (VBP) AGROPECUARIA POR SUBSECTORES Y
A2: PRINCIPALES PRODUCTOS. ENERO-JUNIO 2020-2021
A3: (Millones de soles a precios 2007)
A5: Principales productos | C5: Enero - Junio | F5: Junio
C6: 2020 p/ | D6: 2021 p/ | E6: Var. % | F6: 2020 p/ | G6: 2021 p/ | H6: Var. %
A7: Sector Agropecuario | C7: 20687.928 | D7: 20670.474 | E7: -0.084367132 | F7: 3932.3019 | G7: 4278.7816 | H7: 8.8111147
A8: Subsector agrícola | C8: 13474.549 | D8: 13421.42 | E8: -0.39429143 | F8: 2719.6967 | G8: 3039.1589 | H8: 11.746244
B9: Arroz cáscara | C9: 1901.1403 | D9: 1765.5916 | E9: -7.1298612 | F9: 509.12713 | G9: 668.89559 | H9: 31.380857
B10: Papa | C10: 1857.6077 | D10: 1898.6022 | E10: 2.2068461 | F10: 282.09255 | G10: 300.43691 | H10: 6.5029581
B11: Café pergamino | C11: 1310.9611 | D11: 1248.987 | E11: -4.7273848 | F11: 428.91008 | G11: 434.76433 | H11: 1.3649136
B12: Espárrago | C12: 571.03145 | D12: 494.03973 | E12: -13.482921 | F12: 92.143018 | G12: 69.154745 | H12: -24.948469
B13: MaÍz amarillo duro | C13: 379.96125 | D13: 401.72658 | E13: 5.7283006 | F13: 78.928143 | G13: 116.09908 | H13: 47.094657
B14: Alfalfa | C14: 513.66217 | D14: 513.41169 | E14: -0.048763795 | F14: 65.143585 | G14: 60.366528 | H14: -7.333121
B15: Plátano | C15: 390.80909 | D15: 387.3667 | E15: -0.88083721 | F15: 63.386093 | G15: 64.403321 | H15: 1.6048113
B16: Algodón rama | C16: 40.960584 | D16: 25.33623 | E16: -38.144853 | F16: 4.2542885 | G16: 0.91176642 | H16: -78.568298
B17: Caña de azúcar | C17: 281.73413 | D17: 252.59109 | E17: -10.344164 | F17: 54.536724 | G17: 43.549956 | H17: -20.145633
B18: Yuca | C18: 215.5915 | D18: 209.709 | E18: -2.7285375 | F18: 36.834815 | G18: 38.3106 | H18: 4.0064968
B19: Cebolla | C19: 136.27573 | D19: 164.58741 | E19: 20.775288 | F19: 22.383768 | G19: 37.176546 | H19: 66.087074
B20: Maíz Amiláceo | C20: 277.80799 | D20: 268.50784 | E20: -3.3476886 | F20: 119.60894 | G20: 133.58075 | H20: 11.681246
... B50: Oca | C50: 42.630985 | D50: 42.817932 | E50: 0.43852422 | F50: 9.9790403 | G50: 10.624244 | H50: 6.4655881
H51: sigue…
A52: continúa C.4
A53: Principales productos | C53: Enero - Junio | F53: Junio
C54: 2020 p/ | D54: 2021 p/ | E54: Var. % | F54: 2020 p/ | G54: 2021 p/ | H54: Var. %
B55: Papaya | C55: 26.397785 | D55: 27.925343 | E55: 5.7866912 | F55: 4.3255012 | G55: 4.7874841 | H55: 10.680448
B56: Quinua | C56: 107.72118 | D56: 111.74893 | E56: 3.7390522 | F56: 16.625336 | G56: 29.127493 | H56: 75.199425
B57: Orégano | C57: 33.799852 | D57: 32.727993 | E57: -3.1711936 | F57: 2.6643533 | G57: 3.9798507 | H57: 49.373983
B58: Tuna | C58: 30.012457 | D58: 24.735234 | E58: -17.583443 | F58: 0.65163938 | G58: 0.23542409 | H58: -63.872029
B59: Frijol caupí grano seco | C59: 6.3725218 | D59: 8.5774116 | E59: 34.599957 | F59: 2.054522 | G59: 4.4318686 | H59: 115.71288
B60: Haba grano verde | C60: 28.934813 | D60: 31.369224 | E60: 8.4134327 | F60: 2.4995226 | G60: 2.3167088 | H60: -7.3139513
B61: Tangelo | C61: 19.668558 | D61: 20.318636 | E61: 3.3051627 | F61: 4.6412535 | G61: 4.9730264 | H61: 7.1483475
B62: Sandía | C62: 22.173368 | D62: 19.8093 | E62: -10.661747 | F62: 1.6067304 | G62: 1.9974867 | H62: 24.319963
B63: Pallar grano seco | C63: 0.9646304 | D63: 0.86937767 | E63: -9.8745315 | F63: 0 | G63: 0.047783549 | H63: 0
B64: Granadilla | C64: 35.264875 | D64: 38.828425 | E64: 10.105096 | F64: 6.1508242 | G64: 7.2562826 | H64: 17.972524
B65: Lúcuma | C65: 17.610528 | D65: 17.61762 | E65: 0.040272777 | F65: 2.0264846 | G65: 1.9955397 | H65: -1.5270258
B66: Chirimoya | C66: 23.256811 | D66: 22.336367 | E66: -3.9577429 | F66: 3.9570214 | G66: 3.6510745 | H66: -7.7317489
... B85: Otros | C85: 1144.0825 | D85: 1181.7668 | E85: 3.2938416 | F85: 134.22727 | G85: 154.75585 | H85: 15.293894
A86: Subsector pecuario | C86: 7213.3788 | D86: 7249.054 | E86: 0.49456964 | F86: 1212.6052 | G86: 1239.6227 | H86: 2.2280485
B87: Ave | C87: 3940.6246 | D87: 3916.3582 | E87: -0.61580159 | F87: 665.36678 | G87: 678.43795 | H87: 1.9645054
B88: Ovino | C88: 199.24328 | D88: 202.67036 | E88: 1.7200486 | F88: 37.684009 | G88: 38.367086 | H88: 1.8126419
B89: Porcino | C89: 391.19931 | D89: 401.25597 | E89: 2.5707262 | F89: 64.180602 | G89: 67.489942 | H89: 5.1562932
B90: Vacuno | C90: 787.33493 | D90: 800.18272 | E90: 1.631807 | F90: 135.14559 | G90: 138.96139 | H90: 2.8234753
B91: Caprino | C91: 22.765776 | D91: 22.832705 | E91: 0.29399027 | F91: 4.1992511 | G91: 4.1899482 | H91: -0.22153632
B92: Alpaca | C92: 117.83263 | D92: 121.18319 | E92: 2.8434912 | F92: 21.668652 | G92: 22.640532 | H92: 4.4851931
B93: Llama | C93: 15.505825 | D93: 16.197753 | E93: 4.4623774 | F93: 2.850338 | G93: 3.0238439 | H93: 6.0872052
B94: Huevo | C94: 761.88233 | D94: 771.56467 | E94: 1.2708457 | F94: 127.08594 | G94: 128.35224 | H94: 0.99641083
B95: Leche | C95: 917.72964 | D95: 935.74722 | E95: 1.9632773 | F95: 152.51374 | G95: 156.33357 | H95: 2.5045795
B96: Fibra Alpaca | C96: 31.618609 | D96: 31.480154 | E96: -0.43789227 | F96: 0.89335904 | G96: 0.83050126 | H96: -7.0361166
B97: Fibra Llama | C97: 1.65727 | D97: 1.6919775 | E97: 2.0942524 | F97: 0.019313775 | G97: 0.019361803 | H97: 0.24867317
B98: Lana | C98: 25.984613 | D98: 27.889097 | E98: 7.3292731 | F98: 0.99766257 | G98: 0.97631024 | H98: -2.1402353
A99: p/ Preliminar
A100: Elaboración: MIDAGRI - DGESEP (DEIA)

Sheet c-5
A1: C.5 PERÚ: PRODUCCIÓN AGROPECUARIA POR SUBSECTORES Y PRINCIPALES PRODUCTOS
A2: ENERO-JUNIO 2020-2021
A3: (Miles de toneladas)
A5: Principales productos | C5: Enero - Junio | E5: Junio
C6: 2020 p/ | D6: 2021 p/ | E6: 2020 p/ | F6: 2021 p/
A7: SECTOR AGROPECUARIO
A8: Subsector agrícola
B9: Arroz cáscara | C9: 2327.7422 | D9: 2161.7774 | E9: 623.37152 | F9: 818.99084
B10: Papa | C10: 4112.6585 | D10: 4203.4186 | E10: 624.54003 | F10: 665.1536
B11: Café pergamino | C11: 273.6714 | D11: 260.7339 | E11: 89.537682 | F11: 90.759794
B12: Espárrago | C12: 187.18844 | D12: 161.94997 | E12: 30.20518 | F12: 22.66945
B13: Maíz amarillo duro | C13: 578.65432 | D13: 611.80138 | E13: 120.20202 | F13: 176.81075
B14: Alfalfa | C14: 4398.6138 | D14: 4396.4688 | E14: 557.84033 | F14: 516.93322
B15: Plátano | C15: 1153.7596 | D15: 1143.5969 | E15: 187.13054 | F15: 190.13363
B16: Algodón rama | C16: 16.038919 | D16: 9.920897 | E16: 1.66585 | F16: 0.35702
B17: Caña de azúcar | C17: 4791.3968 | D17: 4295.7668 | E17: 927.4953 | F17: 740.64551
B18: Yuca | C18: 646.2889 | D18: 628.65467 | E18: 110.42148 | F18: 114.84551
B19: Cebolla | C19: 249.06145 | D19: 300.80468 | E19: 40.909219 | F19: 67.944925
B20: Maíz Amiláceo | C20: 229.85173 | D20: 222.15701 | E20: 98.961594 | F20: 110.52154
... B50: Oca | C50: 90.63057 | D50: 91.028007 | E50: 21.21476 | F50: 22.586419
F51: sigue…
A52: continúa C.5
A53: Principales productos | C53: Enero - Junio | E53: Junio
C54: 2020 p/ | D54: 2021 p/ | E54: 2020 p/ | F54: 2021 p/
B55: Papaya | C55: 92.540863 | D55: 97.895917 | E55: 15.163606 | F55: 16.783147
B56: Quinua | C56: 88.137337 | D56: 91.432838 | E56: 13.60283 | F56: 23.83208
B57: Orégano | C57: 6.707569 | D57: 6.494859 | E57: 0.52874 | F57: 0.7898
B58: Tuna | C58: 59.218055 | D58: 48.805482 | E58: 1.28576 | F58: 0.464519
B59: Frijol caupí grano seco | C59: 4.412517 | D59: 5.939246 | E59: 1.42261 | F59: 3.068753
B60: Haba grano verde | C60: 57.790847 | D60: 62.653041 | E60: 4.99224 | F60: 4.62711
B61: Tangelo | C61: 37.324698 | D61: 38.55834 | E61: 8.80763 | F61: 9.43723
B62: Sandía | C62: 59.003199 | D62: 52.712427 | E62: 4.2755 | F62: 5.3153
B63: Pallar grano seco | C63: 0.30685 | D63: 0.27655 | E63: 0 | F63: 0.0152
B64: Granadilla | C64: 26.225519 | D64: 28.875633 | E64: 4.574199 | F64: 5.396298
B65: Lúcuma | C65: 10.50089 | D65: 10.505119 | E65: 1.208362 | F65: 1.18991
B66: Chirimoya | C66: 17.755777 | D66: 17.053049 | E66: 3.02105 | F66: 2.78747
... B84: Té | C84: 1.096084 | D84: 1.132555 | E84: 0.11436 | F84: 0.11578
A86: Subsector pecuario
B87: Ave 2/ | C87: 1047.4502 | D87: 1040.9999 | E87: 176.85992 | F87: 180.33434
B88: Ovino 2/ | C88: 40.864174 | D88: 41.567057 | E88: 7.7288726 | F88: 7.8689694
B89: Porcino 2/ | C89: 110.07324 | D89: 112.90292 | E89: 18.05874 | F89: 18.989902
B90: Vacuno 2/ | C90: 180.47862 | D90: 183.42368 | E90: 30.979051 | F90: 31.853737
B91: Caprino 2/ | C91: 6.1899794 | D91: 6.2081773 | E91: 1.1417699 | F91: 1.1392404
B92: Alpaca 2/ | C92: 14.709558 | D92: 15.127823 | E92: 2.7049916 | F92: 2.8263157
B93: Llama 2/ | C93: 4.3729406 | D93: 4.5680777 | E93: 0.80385008 | F93: 0.85278208
B94: Huevo | C94: 246.64368 | D94: 249.77814 | E94: 41.141449 | F94: 41.551387
B95: Leche | C95: 1104.3678 | D95: 1126.0496 | E95: 183.53037 | F95: 188.12704
B96: Fibra Alpaca | C96: 1.7244749 | D96: 1.7169236 | E96: 0.048723687 | F96: 0.045295432
B97: Fibra Llama | C97: 0.27039061 | D97: 0.27605328 | E97: 0.003151124 | F97: 0.00315896
B98: Lana | C98: 6.0038386 | D98: 6.4438763 | E98: 0.23051353 | F98: 0.22558
A99: p/ Preliminar 2/ Peso de animales en pie
A100: Elaboración: MIDAGRI - DGESEP (DEIA)

Sheet c-6
A1: C.6 PERÚ: VALOR DE LA PRODUCCIÓN (VBP) AGROPECUARIA POR SUBSECTORES Y PRINCIPALES PRODUCTOS, ENERO-JUNIO 2000-2021
A2: (Millones de soles a precios 2007)
A4: Principales productos | C4: 2000 | D4: 2001 | E4: 2002 | F4: 2003 | G4: 2004 | H4: 2005 | I4: 2006 | J4: 2007 | K4: 2008 | L4: 2009 | M4: 2010 | N4: 2011 | O4: 2012 | P4: 2013 | Q4: 2014 | R4: 2015 | S4: 2016 | T4: 2017p/ | U4: 2018p/ | V4: 2019p/ | W4: 2020p/ | X4: 2021p/
A5: Sector Agropecuario | C5: 9990.927 | D5: 10051.074 | E5: 10728.814 | F5: 10999.862 | G5: 10870.32 | H5: 11587.362 | I5: 12214.319 | J5: 12763.535 | K5: 13717.649 | L5: 14106.842 | M5: 14577.563 | N5: 15242.468 | O5: 16265.311 | P5: 16650.433 | Q5: 16819.464 | R5: 17388.171 | S5: 17663.906 | T5: 17755.144 | U5: 19439.326 | V5: 20094.083 | W5: 20687.928 | X5: 20670.474
A6: Subsector agrícola | C6: 7058.6449 | D6: 7039.6042 | E6: 7582.9945 | F6: 7717.2476 | G6: 7524.8702 | H6: 8043.6865 | I6: 8410.6032 | J6: 8631.0603 | K6: 9364.1046 | L6: 9478.5161 | M6: 9756.4119 | N6: 9986.7739 | O6: 10758.358 | P6: 10968.16 | Q6: 10944.873 | R6: 11215.813 | S6: 11299.154 | T6: 11232.274 | U6: 12540.355 | V6: 12878.743 | W6: 13474.549 | X6: 13421.42
B7: Arroz cáscara | C7: 1056.8406 | D7: 1204.2842 | E7: 1255.392 | F7: 1224.5046 | G7: 980.28516 | H7: 1194.2206 | I7: 1175.3587 | J7: 1369.0478 | K7: 1467.2926 | L7: 1665.3162 | M7: 1580.9389 | N7: 1224.8016 | O7: 1603.3948 | P7: 1709.7228 | Q7: 1480.7461 | R7: 1624.5062 | S7: 1689.736 | T7: 1389.2185 | U7: 1759.7129 | V7: 1629.7094 | W7: 1901.1403 | X7: 1765.5916
B8: Papa | C8: 1149.1984 | D8: 864.16107 | E8: 1102.9048 | F8: 1095.9978 | G8: 984.37979 | H8: 1122.2435 | I8: 1052.9948 | J8: 1075.4471 | K8: 1149.4186 | L8: 1191.7729 | M8: 1197.3138 | N8: 1285.5035 | O8: 1438.6428 | P8: 1477.761 | Q8: 1511.789 | R8: 1554.9918 | S8: 1477.3123 | T8: 1533.4129 | U8: 1692.3855 | V8: 1760.5228 | W8: 1857.6077 | X8: 1898.6022
B9: Café pergamino | C9: 662.32805 | D9: 702.91025 | E9: 709.48428 | F9: 674.05034 | G9: 840.26249 | H9: 703.97002 | I9: 960.72646 | J9: 786.86228 | K9: 1016.5967 | L9: 931.91896 | M9: 990.57724 | N9: 1189.2816 | O9: 1144.625 | P9: 941.55911 | Q9: 812.00066 | R9: 949.66968 | S9: 997.66952 | T9: 1177.9472 | U9: 1298.5808 | V9: 1231.3397 | W9: 1310.9611 | X9: 1248.987
B10: Espárrago | C10: 199.12074 | D10: 248.47262 | E10: 244.33428 | F10: 261.76014 | G10: 270.73651 | H10: 270.99038 | I10: 325.63118 | J10: 356.0996 | K10: 435.59877 | L10: 386.44637 | M10: 416.62577 | N10: 529.72883 | O10: 485.88937 | P10: 486.59774 | Q10: 517.8774 | R10: 529.31743 | S10: 548.84993 | T10: 558.00396 | U10: 523.5985 | V10: 540.67456 | W10: 571.03145 | X10: 494.03973
B11: Maíz amarillo duro | C11: 285.9862 | D11: 324.96284 | E11: 301.97606 | F11: 371.67431 | G11: 344.87973 | H11: 333.05421 | I11: 305.4683 | J11: 327.26096 | K11: 375.16373 | L11: 427.95019 | M11: 403.9236 | N11: 382.82092 | O11: 436.21039 | P11: 410.45688 | Q11: 404.99002 | R11: 440.98156 | S11: 392.88381 | T11: 377.05064 | U11: 396.74319 | V11: 379.0026 | W11: 379.96125 | X11: 401.72658
B12: Alfalfa | C12: 333.83882 | D12: 336.20788 | E12: 332.89429 | F12: 349.03611 | G12: 347.2727 | H12: 357.4252 | I12: 343.09385 | J12: 359.69015 | K12: 362.53452 | L12: 382.84561 | M12: 398.30442 | N12: 414.20579 | O12: 429.54209 | P12: 459.74515 | Q12: 445.75499 | R12: 462.75372 | S12: 454.27754 | T12: 460.95761 | U12: 467.19384 | V12: 490.07349 | W12: 513.66217 | X12: 513.41169
B13: Plátano | C13: 252.98071 | D13: 267.92424 | E13: 264.14786 | F13: 276.55529 | G13: 284.58845 | H13: 289.58343 | I13: 302.61295 | J13: 318.55213 | K13: 305.34982 | L13: 316.99681 | M13: 336.31532 | N13: 334.41345 | O13: 352.76667 | P13: 357.75805 | Q13: 361.96383 | R13: 351.50717 | S13: 348.73385 | T13: 332.32611 | U13: 368.36715 | V13: 386.15349 | W13: 390.80909 | X13: 387.3667
B14: Algodón rama | C14: 261.31392 | D14: 271.34899 | E14: 304.97463 | F14: 281.76289 | G14: 369.17793 | H14: 443.3958 | I14: 398.60508 | J14: 447.21026 | K14: 356.55309 | L14: 202.43283 | M14: 132.96967 | N14: 224.32192 | O14: 240.86672 | P14: 176.54132 | Q14: 190.44691 | R14: 157.8982 | S14: 109.58655 | T14: 51.76589 | U14: 82.810249 | V14: 113.35634 | W14: 40.960584 | X14: 25.33623
B15: Caña de azúcar | C15: 187.21987 | D15: 179.98575 | E15: 219.40719 | F15: 247.21694 | G15: 201.49672 | H15: 155.74037 | I15: 175.73483 | J15: 202.07176 | K15: 238.88483 | L15: 266.80823 | M15: 262.00674 | N15: 261.61684 | O15: 259.5822 | P15: 303.97429 | Q15: 320.27789 | R15: 268.09897 | S15: 242.6578 | T15: 213.65746 | U15: 242.34986 | V15: 280.93303 | W15: 281.73413 | X15: 252.59109
B16: Yuca | C16: 144.78644 | D16: 151.03408 | E16: 144.34247 | F16: 147.44499 | G16: 154.11108 | H16: 161.49188 | I16: 169.56695 | J16: 174.03291 | K16: 168.26493 | L16: 179.68427 | M16: 188.6295 | N16: 178.33668 | O16: 183.86133 | P16: 187.05343 | Q16: 184.93162 | R16: 200.92223 | S16: 197.69425 | T16: 189.16784 | U16: 201.33455 | V16: 207.75569 | W16: 215.5915 | X16: 209.709
B17: Cebolla | C17: 104.10126 | D17: 108.32135 | E17: 113.86372 | F17: 123.51765 | G17: 118.16066 | H17: 124.90407 | I17: 132.891 | J17: 145.70992 | K17: 132.24734 | L17: 143.99162 | M17: 156.59093 | N17: 147.55423 | O17: 163.89151 | P17: 154.66736 | Q17: 138.26689 | R17: 141.65714 | S17: 150.17052 | T17: 143.46407 | U17: 132.55738 | V17: 134.23805 | W17: 136.27573 | X17: 164.58741
B18: Maíz Amiláceo | C18: 243.07326 | D18: 206.11149 | E18: 228.16294 | F18: 233.81012 | G18: 208.15127 | H18: 238.29217 | I18: 236.26713 | J18: 224.40727 | K18: 225.40941 | L18: 252.54013 | M18: 233.42978 | N18: 223.46692 | O18: 245.74397 | P18: 273.01187 | Q18: 268.54979 | R18: 262.24624 | S18: 249.34671 | T18: 226.43813 | U18: 250.36551 | V18: 253.03355 | W18: 277.80799 | X18: 268.50784
... B47: Ají | C47: 29.24063 | D47: 32.346243 | E47: 23.671844 | F47: 27.850325 | G47: 23.030759 | H47: 25.334219 | I47: 20.67395 | J47: 28.703093 | K47: 34.314956 | L47: 42.444672 | M47: 30.152902 | N47: 24.678488 | O47: 38.050303 | P47: 37.561415 | Q47: 35.211051 | R47: 29.505532 | S47: 31.900279 | T47: 35.01962 | U47: 42.638406 | V47: 35.116022 | W47: 32.793155 | X47: 38.910929
X48: sigue…
B49: continúa C.6
A50: Principales productos | C50: 2000 | D50: 2001 | E50: 2002 | F50: 2003 | G50: 2004 | H50: 2005 | I50: 2006 | J50: 2007 | K50: 2008 | L50: 2009 | M50: 2010 | N50: 2011 | O50: 2012 | P50: 2013 | Q50: 2014 | R50: 2015 | S50: 2016 | T50: 2017p/ | U50: 2018p/ | V50: 2019p/ | W50: 2020p/ | X50: 2021p/
B51: Oca | C51: 50.186695 | D51: 47.86254 | E51: 51.069839 | F51: 46.726445 | G51: 42.33454 | H51: 45.50751 | I51: 43.759209 | J51: 41.547667 | K51: 39.860068 | L51: 43.466887 | M51: 41.243883 | N51: 38.846682 | O51: 40.299867 | P51: 41.262839 | Q51: 39.237591 | R51: 40.782391 | S51: 40.416868 | T51: 41.316114 | U51: 41.708288 | V51: 39.183983 | W51: 42.630985 | X51: 42.817932
B52: Papaya | C52: 25.91965 | D52: 25.305543 | E52: 25.410442 | F52: 28.577199 | G52: 29.321492 | H52: 26.710351 | I52: 24.511754 | J52: 23.910682 | K52: 24.142589 | L52: 25.907558 | M52: 28.07519 | N52: 18.516939 | O52: 17.071569 | P52: 21.939599 | Q52: 21.636981 | R52: 20.365007 | S52: 25.241861 | T52: 26.576594 | U52: 26.203494 | V52: 23.299051 | W52: 26.397785 | X52: 27.925343
B53: Quinua | C53: 31.714606 | D53: 24.162976 | E53: 35.153787 | F53: 35.05896 | G53: 31.543889 | H53: 38.928886 | I53: 36.267111 | J53: 37.64086 | K53: 35.323261 | L53: 46.463916 | M53: 48.917648 | N53: 48.042853 | O53: 50.604057 | P53: 52.524127 | Q53: 88.541515 | R53: 105.88175 | S53: 85.525202 | T53: 86.390947 | U53: 91.697502 | V53: 89.469067 | W53: 107.72118 | X53: 111.74893
B54: Orégano | C54: 9.7616092 | D54: 14.014784 | E54: 14.299848 | F54: 12.391757 | G54: 12.804456 | H54: 13.753518 | I54: 14.763039 | J54: 16.483747 | K54: 25.100409 | L54: 27.188628 | M54: 27.362965 | N54: 30.724754 | O54: 28.503299 | P54: 33.499544 | Q54: 45.338965 | R54: 41.46122 | S54: 39.170468 | T54: 43.361481 | U54: 41.765076 | V54: 40.697707 | W54: 33.799852 | X54: 32.727993
B55: Tuna | C55: 37.219539 | D55: 32.389517 | E55: 29.99627 | F55: 29.873297 | G55: 29.174241 | H55: 30.429862 | I55: 31.815865 | J55: 31.717282 | K55: 32.62133 | L55: 37.04737 | M55: 38.603204 | N55: 37.386087 | O55: 36.772191 | P55: 37.213761 | Q55: 36.797484 | R55: 39.974431 | S55: 38.664779 | T55: 39.944527 | U55: 37.12738 | V55: 38.14618 | W55: 30.012457 | X55: 24.735234
B56: Frijol caupí grano seco | C56: 10.496388 | D56: 10.761931 | E56: 11.070681 | F56: 9.5482899 | G56: 9.7518632 | H56: 7.7159569 | I56: 19.843516 | J56: 10.141882 | K56: 17.239532 | L56: 20.007554 | M56: 29.954622 | N56: 9.815334 | O56: 31.583613 | P56: 10.123958 | Q56: 9.4087232 | R56: 8.2974463 | S56: 19.999545 | T56: 15.24749 | U56: 3.8097641 | V56: 8.9982376 | W56: 6.3725218 | X56: 8.5774116
B57: Haba grano verde | C57: 28.80994 | D57: 28.271395 | E57: 28.681351 | F57: 27.204878 | G57: 24.7719 | H57: 22.872923 | I57: 23.578228 | J57: 24.356669 | K57: 25.058791 | L57: 26.037271 | M57: 24.838009 | N57: 25.562302 | O57: 26.422721 | P57: 27.354163 | Q57: 26.634039 | R57: 28.117961 | S57: 26.221789 | T57: 29.494113 | U57: 30.069992 | V57: 28.653663 | W57: 28.934813 | X57: 31.369224
B58: Tangelo | C58: 7.8050951 | D58: 10.569202 | E58: 11.142269 | F58: 13.198149 | G58: 19.859276 | H58: 17.264892 | I58: 18.186384 | J58: 15.215145 | K58: 19.009808 | L58: 20.600606 | M58: 24.037511 | N58: 21.317031 | O58: 20.695574 | P58: 21.670426 | Q58: 22.366189 | R58: 23.511112 | S58: 21.16953 | T58: 22.782555 | U58: 21.323539 | V58: 19.84297 | W58: 19.668558 | X58: 20.318636
B59: Sandía | C59: 9.5613521 | D59: 10.418407 | E59: 10.938555 | F59: 10.541798 | G59: 13.113795 | H59: 11.508143 | I59: 12.896959 | J59: 19.050118 | K59: 20.298032 | L59: 21.057097 | M59: 18.853344 | N59: 16.473537 | O59: 18.166286 | P59: 19.829924 | Q59: 19.002906 | R59: 17.100333 | S59: 15.725706 | T59: 15.990671 | U59: 20.337637 | V59: 21.610744 | W59: 22.173368 | X59: 19.8093
B60: Pallar grano seco | C60: 3.2001775 | D60: 2.3688695 | E60: 1.2222215 | F60: 0.82332313 | G60: 0.58101024 | H60: 0.49386813 | I60: 1.0398581 | J60: 0.89562718 | K60: 1.0608577 | L60: 3.0628626 | M60: 1.7716065 | N60: 1.3663863 | O60: 1.4202088 | P60: 1.8135429 | Q60: 1.0185724 | R60: 1.484113 | S60: 1.8242627 | T60: 3.4930058 | U60: 0.93677762 | V60: 1.1664845 | W60: 0.9646304 | X60: 0.86937767
B61: Granadilla | C61: 10.544464 | D61: 9.2735011 | E61: 9.5000524 | F61: 10.062032 | G61: 11.433338 | H61: 11.08797 | I61: 12.344986 | J61: 12.396619 | K61: 14.783196 | L61: 15.694099 | M61: 16.726279 | N61: 18.460928 | O61: 21.599371 | P61: 28.541368 | Q61: 38.100094 | R61: 32.748703 | S61: 34.748881 | T61: 38.952923 | U61: 37.496266 | V61: 34.978775 | W61: 35.264875 | X61: 38.828425
B62: Lúcuma | C62: 5.1339561 | D62: 6.2651772 | E62: 8.8747859 | F62: 9.9075977 | G62: 13.11162 | H62: 13.298679 | I62: 13.855426 | J62: 16.217267 | K62: 15.452378 | L62: 18.136867 | M62: 18.232173 | N62: 19.189833 | O62: 21.019967 | P62: 22.633771 | Q62: 24.203867 | R62: 22.799551 | S62: 23.477028 | T62: 21.897558 | U62: 20.1257 | V62: 19.687045 | W62: 17.610528 | X62: 17.61762
... B82: Otros | C82: 461.54418 | D82: 455.59971 | E82: 516.96911 | F82: 514.16822 | G82: 509.22995 | H82: 535.65215 | I82: 573.33274 | J82: 639.70798 | K82: 635.48889 | L82: 744.05972 | M82: 802.33297 | N82: 840.14397 | O82: 848.08528 | P82: 904.48791 | Q82: 912.20628 | R82: 976.52923 | S82: 970.71903 | T82: 995.63777 | U82: 1066.7252 | V82: 1146.3682 | W82: 1144.0825 | X82: 1181.7668
A83: Subsector pecuario | C83: 2932.2821 | D83: 3011.4699 | E83: 3145.8195 | F83: 3282.6147 | G83: 3345.4494 | H83: 3543.6756 | I83: 3803.7162 | J83: 4132.4742 | K83: 4353.5439 | L83: 4628.3258 | M83: 4821.1515 | N83: 5255.6942 | O83: 5506.9527 | P83: 5682.2723 | Q83: 5874.591 | R83: 6172.3579 | S83: 6364.752 | T83: 6522.8703 | U83: 6898.9704 | V83: 7215.3394 | W83: 7213.3788 | X83: 7249.054
B84: Ave | C84: 1121.2883 | D84: 1135.9038 | E84: 1223.2367 | F84: 1313.029 | G84: 1301.3549 | H84: 1417.7914 | I84: 1516.2156 | J84: 1731.9265 | K84: 1905.5168 | L84: 2121.4645 | M84: 2229.5434 | N84: 2529.4233 | O84: 2701.8477 | P84: 2794.8896 | Q84: 2946.2561 | R84: 3181.7866 | S84: 3324.4506 | T84: 3414.7684 | U84: 3723.0893 | V84: 3902.6822 | W84: 3940.6246 | X84: 3916.3582
B85: Ovino | C85: 199.96905 | D85: 200.87701 | E85: 199.58678 | F85: 201.13599 | G85: 211.60679 | H85: 211.35729 | I85: 212.92962 | J85: 212.51124 | K85: 207.53954 | L85: 206.60296 | M85: 211.71676 | N85: 213.24934 | O85: 219.74658 | P85: 217.39561 | Q85: 211.37845 | R85: 202.10296 | S85: 209.14283 | T85: 205.6528 | U85: 208.19892 | V85: 208.5294 | W85: 199.24328 | X85: 202.67036
B86: Porcino | C86: 214.02673 | D86: 216.84206 | E86: 216.40811 | F86: 218.98322 | G86: 228.05929 | H86: 237.48307 | I86: 248.41069 | J86: 258.5176 | K86: 259.18048 | L86: 257.2949 | M86: 263.60702 | N86: 272.61969 | O86: 281.81039 | P86: 294.74043 | Q86: 310.72831 | R86: 331.78419 | S86: 340.57077 | T86: 365.10488 | U86: 377.80463 | V86: 395.39141 | W86: 391.19931 | X86: 401.25597
B87: Vacuno | C87: 556.45999 | D87: 552.35432 | E87: 577.57348 | F87: 592.49514 | G87: 598.97266 | H87: 638.66884 | I87: 688.37878 | J87: 694.44313 | K87: 699.28523 | L87: 703.97772 | M87: 735.03755 | N87: 764.25898 | O87: 807.37279 | P87: 822.67432 | Q87: 827.92326 | R87: 829.32507 | S87: 817.44547 | T87: 810.05528 | U87: 809.52065 | V87: 825.98686 | W87: 787.33493 | X87: 800.18272
B88: Caprino | C88: 28.756563 | D88: 28.361507 | E88: 26.71715 | F88: 28.950103 | G88: 29.19212 | H88: 29.845919 | I88: 29.82598 | J88: 30.998297 | K88: 28.924102 | L88: 27.790421 | M88: 27.859974 | N88: 28.65092 | O88: 29.408342 | P88: 30.4026 | Q88: 29.017833 | R88: 27.514783 | S88: 27.104591 | T88: 24.540736 | U88: 22.180482 | V88: 23.443682 | W88: 22.765776 | X88: 22.832705
B89: Alpaca | C89: 71.87161 | D89: 75.367087 | E89: 77.54603 | F89: 77.671041 | G89: 78.706318 | H89: 83.523218 | I89: 85.848709 | J89: 88.834084 | K89: 88.353049 | L89: 94.900261 | M89: 98.886894 | N89: 105.36027 | O89: 110.64465 | P89: 113.87838 | Q89: 117.16575 | R89: 111.46659 | S89: 118.01604 | T89: 121.30611 | U89: 119.9153 | V89: 119.87346 | W89: 117.83263 | X89: 121.18319
B90: Llama | C90: 13.075468 | D90: 13.551795 | E90: 12.951281 | F90: 14.350104 | G90: 15.147936 | H90: 16.075285 | I90: 15.910484 | J90: 16.950435 | K90: 16.019156 | L90: 16.911115 | M90: 16.522121 | N90: 16.809896 | O90: 17.928995 | P90: 17.343643 | Q90: 16.800904 | R90: 15.712488 | S90: 16.551591 | T90: 16.486565 | U90: 16.489593 | V90: 15.811404 | W90: 15.505825 | X90: 16.197753
B91: Huevo | C91: 276.79939 | D91: 284.97836 | E91: 301.13006 | F91: 292.62776 | G91: 319.08046 | H91: 310.24856 | I91: 361.28661 | J91: 404.71311 | K91: 406.05561 | L91: 408.90658 | M91: 432.78463 | N91: 483.99712 | O91: 477.83403 | P91: 536.88294 | Q91: 545.26447 | R91: 594.54327 | S91: 611.45367 | T91: 640.82736 | U91: 669.57865 | V91: 747.71412 | W91: 761.88233 | X91: 771.56467
B92: Leche | C92: 377.14038 | D92: 424.04677 | E92: 438.43781 | F92: 471.14512 | G92: 493.24557 | H92: 529.99325 | I92: 579.23937 | J92: 622.94252 | K92: 671.09593 | L92: 713.92244 | M92: 730.50192 | N92: 764.39909 | O92: 781.72301 | P92: 784.77527 | Q92: 804.46135 | R92: 817.68829 | S92: 836.96414 | T92: 861.9356 | U92: 888.87378 | V92: 914.19324 | W92: 917.72964 | X92: 935.74722
B93: Fibra Alpaca | C93: 27.504282 | D93: 31.690394 | E93: 28.409071 | F93: 28.431475 | G93: 27.179005 | H93: 27.37995 | I93: 26.629924 | J93: 30.095217 | K93: 33.668282 | L93: 37.923726 | M93: 36.269998 | N93: 38.81044 | O93: 38.325731 | P93: 31.512623 | Q93: 30.267759 | R93: 29.370152 | S93: 29.8224 | T93: 32.563803 | U93: 33.758041 | V93: 33.069251 | W93: 31.618609 | X93: 31.480154
B94: Fibra Llama | C94: 2.116954 | D94: 2.3272458 | E94: 2.0690055 | F94: 1.9809564 | G94: 1.8242895 | H94: 1.6375354 | I94: 1.5282463 | J94: 1.9602686 | K94: 2.0718216 | L94: 2.1308529 | M94: 1.9398208 | N94: 1.9698312 | O94: 2.0311576 | P94: 1.9268394 | Q94: 1.9916871 | R94: 1.5481588 | S94: 1.6276124 | T94: 1.7839134 | U94: 1.6504252 | V94: 1.6063654 | W94: 1.65727 | X94: 1.6919775
B95: Lana | C95: 43.273395 | D95: 45.16951 | E95: 41.754005 | F95: 41.814831 | G95: 41.080066 | H95: 39.671333 | I95: 37.512206 | J95: 38.581793 | K95: 35.833926 | L95: 36.500247 | M95: 36.481358 | N95: 36.145283 | O95: 38.279297 | P95: 35.849989 | Q95: 33.335187 | R95: 29.51534 | S95: 31.602279 | T95: 27.844924 | U95: 27.910593 | V95: 27.038015 | W95: 25.984613 | X95: 27.889097
A96: p/ Preliminar
A97: Elaboración: MIDAGRI - DGESEP (DEA)

Sheet c-7
A1: C.7 PERÚ: PRODUCCIÓN AGROPECUARIA POR SUBSECTORES Y PRINCIPALES PRODUCTOS, ENERO-JUNIO 2000-2021
A2: (Miles de toneladas)
A4: Principales productos | D4: 2000 | E4: 2001 | F4: 2002 | G4: 2003 | H4: 2004 | I4: 2005 | J4: 2006 | K4: 2007 | L4: 2008 | M4: 2009 | N4: 2010 | O4: 2011 | P4: 2012 | Q4: 2013 | R4: 2014 | S4: 2015 | T4: 2016 | U4: 2017p/ | V4: 2018p/ | W4: 2019p/ | X4: 2020p/ | Y4: 2021p/
A5: Sector Agropecuario
B6: Subsector agrícola
C7: Arroz cáscara | D7: 1293.9879 | E7: 1474.5167 | F7: 1537.0927 | G7: 1499.2745 | H7: 1200.2539 | I7: 1462.1949 | J7: 1439.1005 | K7: 1676.2521 | L7: 1796.5423 | M7: 2039.0009 | N7: 1935.69 | O7: 1499.6381 | P7: 1963.1848 | Q7: 2093.372 | R7: 1813.0146 | S7: 1989.0334 | T7: 2068.9004 | U7: 1700.9489 | V7: 2154.5795 | W7: 1995.4043 | X7: 2327.7422 | Y7: 2161.7774
C8: Papa | D8: 2544.2728 | E8: 1913.2131 | F8: 2441.7808 | G8: 2426.4891 | H8: 2179.3719 | I8: 2484.5958 | J8: 2331.2824 | K8: 2380.9908 | L8: 2544.7604 | M8: 2638.5307 | N8: 2650.7981 | O8: 2846.046 | P8: 3185.0895 | Q8: 3271.6954 | R8: 3347.0317 | S8: 3442.6809 | T8: 3270.7019 | U8: 3394.906 | V8: 3746.8641 | W8: 3897.7171 | X8: 4112.6585 | Y8: 4203.4186
C9: Café pergamino | D9: 138.26515 | E9: 146.73695 | F9: 148.10932 | G9: 140.71226 | H9: 175.41009 | I9: 146.95818 | J9: 200.5577 | K9: 164.26246 | L9: 212.22097 | M9: 194.54396 | N9: 206.78924 | O9: 248.27004 | P9: 238.94768 | Q9: 196.5564 | R9: 169.51026 | S9: 198.24953 | T9: 208.2698 | U9: 245.9039 | V9: 271.08693 | W9: 257.04993 | X9: 273.6714 | Y9: 260.7339
C10: Espárrago | D10: 65.27329 | E10: 81.45121 | F10: 80.09463 | G10: 85.80696 | H10: 88.74948 | I10: 88.8327 | J10: 106.74437 | K10: 116.73215 | L10: 142.79258 | M10: 126.68005 | N10: 136.57309 | O10: 173.64913 | P10: 159.27822 | Q10: 159.51043 | R10: 169.76414 | S10: 173.51427 | T10: 179.91717 | U10: 182.91793 | V10: 171.63956 | W10: 177.23722 | X10: 187.18844 | Y10: 161.94997
C11: Maíz amarillo duro | D11: 435.53691 | E11: 494.89559 | F11: 459.88835 | G11: 566.03389 | H11: 525.22763 | I11: 507.21819 | J11: 465.20678 | K11: 498.39548 | L11: 571.34803 | M11: 651.73809 | N11: 615.14729 | O11: 583.0094 | P11: 664.3178 | Q11: 625.09702 | R11: 616.77137 | S11: 671.58396 | T11: 598.33447 | U11: 574.22166 | V11: 604.21203 | W11: 577.19435 | X11: 578.65432 | Y11: 611.80138
C12: Alfalfa | D12: 2858.7428 | E12: 2879.0297 | F12: 2850.6546 | G12: 2988.8809 | H12: 2973.7804 | I12: 3060.7187 | J12: 2937.9958 | K12: 3080.114 | L12: 3104.4711 | M12: 3278.3998 | N12: 3410.7774 | O12: 3546.9447 | P12: 3678.2731 | Q12: 3936.9093 | R12: 3817.1081 | S12: 3962.6724 | T12: 3890.0888 | U12: 3947.2919 | V12: 4000.6942 | W12: 4196.6182 | X12: 4398.6138 | Y12: 4396.4688
C13: Plátano | D13: 746.85806 | E13: 790.97486 | F13: 779.8261 | G13: 816.45572 | H13: 840.1715 | I13: 854.91785 | J13: 893.38402 | K13: 940.44021 | L13: 901.46391 | M13: 935.84852 | N13: 992.8813 | O13: 987.26651 | P13: 1041.4495 | Q13: 1056.1852 | R13: 1068.6017 | S13: 1037.7312 | T13: 1029.5437 | U13: 981.10421 | V13: 1087.5058 | W13: 1140.0152 | X13: 1153.7596 | Y13: 1143.5969
C14: Algodón rama | D14: 102.32258 | E14: 106.25201 | F14: 119.41879 | G14: 110.32978 | H14: 144.55885 | I14: 173.62031 | J14: 156.08163 | K14: 175.11394 | L14: 139.61534 | M14: 79.26654 | N14: 52.066877 | O14: 87.837642 | P14: 94.316083 | Q14: 69.128213 | R14: 74.573218 | S14: 61.828132 | T14: 42.910759 | U14: 20.269948 | V14: 32.425975 | W14: 44.386897 | X14: 16.038919 | Y14: 9.920897
C15: Caña de azúcar | D15: 3184.0115 | E15: 3060.9821 | F15: 3731.4148 | G15: 4204.3698 | H15: 3426.815 | I15: 2648.6458 | J15: 2988.6876 | K15: 3436.5945 | L15: 4062.6671 | M15: 4537.555 | N15: 4455.8969 | O15: 4449.266 | P15: 4414.6633 | Q15: 5169.6307 | R15: 5446.9029 | S15: 4559.5063 | T15: 4126.8333 | U15: 3633.6303 | V15: 4121.5963 | W15: 4777.7726 | X15: 4791.3968 | Y15: 4295.7668
C16: Yuca | D16: 434.0332 | E16: 452.76204 | F16: 432.7023 | G16: 442.00288 | H16: 461.98612 | I16: 484.11191 | J16: 508.31892 | K16: 521.70673 | L16: 504.41578 | M16: 538.64808 | N16: 565.46364 | O16: 534.60835 | P16: 551.16986 | Q16: 560.73897 | R16: 554.37832 | S16: 602.31412 | T16: 592.63747 | U16: 567.07743 | V16: 603.55018 | W16: 622.79911 | X16: 646.2889 | Y16: 628.65467
C17: Cebolla | D17: 190.25847 | E17: 197.97122 | F17: 208.10061 | G17: 225.74441 | H17: 215.95383 | I17: 228.27827 | J17: 242.87541 | K17: 266.30365 | L17: 241.69904 | M17: 263.16323 | N17: 286.19008 | O17: 269.67436 | P17: 299.53284 | Q17: 282.67451 | R17: 252.70055 | S17: 258.89666 | T17: 274.45596 | U17: 262.19907 | V17: 242.26568 | W17: 245.33732 | X17: 249.06145 | Y17: 300.80468
C18: Maíz amiláceo | D18: 201.11304 | E18: 170.53175 | F18: 188.77659 | G18: 193.44894 | H18: 172.21942 | I18: 197.15728 | J18: 195.48181 | K18: 185.66924 | L18: 186.49839 | M18: 208.9457 | N18: 193.13425 | O18: 184.89122 | P18: 203.32272 | Q18: 225.88354 | R18: 222.19171 | S18: 216.97631 | T18: 206.30354 | U18: 187.34953 | V18: 207.14647 | W18: 209.35395 | X18: 229.85173 | Y18: 222.15701
... C47: Ají | D47: 22.290057 | E47: 24.657458 | F47: 18.044986 | G47: 21.230231 | H47: 17.556288 | I47: 19.31221 | J47: 15.759699 | K47: 21.880294 | L47: 26.158203 | M47: 32.355464 | N47: 22.98548 | O47: 18.812348 | P47: 29.005648 | Q47: 28.63297 | R47: 26.841294 | S47: 22.491991 | T47: 24.317501 | U47: 26.695366 | V47: 32.503147 | W47: 26.768853 | X47: 24.998138 | Y47: 29.661701
Y48: sigue…
C49: continúa C.7
A50: Principales productos | D50: 2000 | E50: 2001 | F50: 2002 | G50: 2003 | H50: 2004 | I50: 2005 | J50: 2006 | K50: 2007 | L50: 2008 | M50: 2009 | N50: 2010 | O50: 2011 | P50: 2012 | Q50: 2013 | R50: 2014 | S50: 2015 | T50: 2016 | U50: 2017p/ | V50: 2018p/ | W50: 2019p/ | X50: 2020p/ | Y50: 2021p/
C51: Oca | D51: 106.6935 | E51: 101.7525 | F51: 108.571 | G51: 99.33724 | H51: 90.000348 | I51: 96.745867 | J51: 93.029097 | K51: 88.327511 | L51: 84.73979 | M51: 92.407642 | N51: 87.681686 | O51: 82.585401 | P51: 85.674773 | Q51: 87.721985 | R51: 83.416446 | S51: 86.700586 | T51: 85.923509 | U51: 87.835245 | V51: 88.66898 | W51: 83.302478 | X51: 90.63057 | Y51: 91.028007
C52: Papaya | D52: 90.864697 | E52: 88.711867 | F52: 89.079604 | G52: 100.18108 | H52: 102.7903 | I52: 93.636603 | J52: 85.929137 | K52: 83.822 | L52: 84.634981 | M52: 90.822307 | N52: 98.421222 | O52: 64.913532 | P52: 59.846602 | Q52: 76.912114 | R52: 75.851246 | S52: 71.392176 | T52: 88.488622 | U52: 93.1677 | V52: 91.859751 | W52: 81.677848 | X52: 92.540863 | Y52: 97.895917
C53: Quinua | D53: 25.948853 | E53: 19.770118 | F53: 28.762787 | G53: 28.685199 | H53: 25.809172 | I53: 31.851568 | J53: 29.673707 | K53: 30.797707 | L53: 28.90145 | M53: 38.016721 | N53: 40.024361 | O53: 39.308605 | P53: 41.404179 | Q53: 42.975178 | R53: 72.444562 | S53: 86.632321 | T53: 69.976618 | U53: 70.68497 | V53: 75.026787 | W53: 73.203484 | X53: 88.137337 | Y53: 91.432838
C54: Orégano | D54: 1.937188 | E54: 2.781229 | F54: 2.8378 | G54: 2.45914 | H54: 2.54104 | I54: 2.729381 | J54: 2.92972 | K54: 3.271194 | L54: 4.9811676 | M54: 5.395574 | N54: 5.430171 | O54: 6.097317 | P54: 5.65647 | Q54: 6.647973 | R54: 8.997502 | S54: 8.227965 | T54: 7.773366 | U54: 8.605071 | V54: 8.288265 | W54: 8.076446 | X54: 6.707569 | Y54: 6.494859
C55: Tuna | D55: 73.438462 | E55: 63.90827 | F55: 59.186117 | G55: 58.943477 | H55: 57.564157 | I55: 60.041644 | J55: 62.776389 | K55: 62.581872 | L55: 64.365664 | M55: 73.098754 | N55: 76.168595 | O55: 73.767082 | P55: 72.555794 | Q55: 73.427062 | R55: 72.6057 | S55: 78.874184 | T55: 76.290089 | U55: 78.81518 | V55: 73.256623 | W55: 75.266833 | X55: 59.218055 | Y55: 48.805482
C56: Frijol caupí grano seco | D56: 7.268 | E56: 7.45187 | F56: 7.665657 | G56: 6.61151 | H56: 6.75247 | I56: 5.34275 | J56: 13.74022 | K56: 7.02253 | L56: 11.937147 | M56: 13.853805 | N56: 20.74144 | O56: 6.796419 | P56: 21.8694 | Q56: 7.010119 | R56: 6.51487 | S56: 5.74539 | T56: 13.848259 | U56: 10.5578 | V56: 2.63799 | W56: 6.230638 | X56: 4.412517 | Y56: 5.939246
C57: Haba grano verde | D57: 57.541441 | E57: 56.465817 | F57: 57.284614 | G57: 54.335687 | H57: 49.476355 | I57: 45.683572 | J57: 47.092262 | K57: 48.647023 | L57: 50.049356 | M57: 52.003653 | N57: 49.608394 | O57: 51.055008 | P57: 52.773503 | Q57: 54.633851 | R57: 53.195564 | S57: 56.159368 | T57: 52.372185 | U57: 58.907925 | V57: 60.058115 | W57: 57.229312 | X57: 57.790847 | Y57: 62.653041
C58: Tangelo | D58: 14.8116 | E58: 20.057 | F58: 21.1445 | G58: 25.04591 | H58: 37.68662 | I58: 32.7633 | J58: 34.512 | K58: 28.87353 | L58: 36.074598 | M58: 39.093429 | N58: 45.615587 | O58: 40.452977 | P58: 39.273648 | Q58: 41.12361 | R58: 42.443947 | S58: 44.616649 | T58: 40.173068 | U58: 43.234079 | V58: 40.465327 | W58: 37.655677 | X58: 37.324698 | Y58: 38.55834
C59: Sandía | D59: 25.4427 | E59: 27.723319 | F59: 29.107429 | G59: 28.05166 | H59: 34.895729 | I59: 30.6231 | J59: 34.31873 | K59: 50.692249 | L59: 54.012939 | M59: 56.032807 | N59: 50.168633 | O59: 43.835982 | P59: 48.340376 | Q59: 52.767307 | R59: 50.566619 | S59: 45.503883 | T59: 41.846009 | U59: 42.55108 | V59: 54.11833 | W59: 57.506058 | X59: 59.003199 | Y59: 52.712427
C60: Pallar grano seco | D60: 1.01798 | E60: 0.75354 | F60: 0.38879 | G60: 0.2619 | H60: 0.18482 | I60: 0.1571 | J60: 0.33078 | K60: 0.2849 | L60: 0.33746 | M60: 0.9743 | N60: 0.56355 | O60: 0.434649 | P60: 0.45177 | Q60: 0.57689 | R60: 0.324009 | S60: 0.472098 | T60: 0.5803 | U60: 1.111129 | V60: 0.29799 | W60: 0.37106 | X60: 0.30685 | Y60: 0.27655
C61: Granadilla | D61: 7.841628 | E61: 6.896448 | F61: 7.064928 | G61: 7.482857 | H61: 8.502659 | I61: 8.245819 | J61: 9.180627 | K61: 9.219025 | L61: 10.993857 | M61: 11.67127 | N61: 12.438874 | O61: 13.728885 | P61: 16.062859 | Q61: 21.225431 | R61: 28.333993 | S61: 24.354311 | T61: 25.841788 | U61: 28.968219 | V61: 27.884943 | W61: 26.012754 | X61: 26.225519 | Y61: 28.875633
C62: Lúcuma | D62: 3.0613 | E62: 3.73583 | F62: 5.2919 | G62: 5.90775 | H62: 7.81826 | I62: 7.9298 | J62: 8.26178 | K62: 9.67011 | L62: 9.214018 | M62: 10.814738 | N62: 10.871568 | O62: 11.442606 | P62: 12.533887 | Q62: 13.496174 | R62: 14.432398 | S62: 13.595026 | T62: 13.998995 | U62: 13.057181 | V62: 12.000649 | W62: 11.739086 | X62: 10.50089 | Y62: 10.505119
... C81: Té | D81: 3.9715 | E81: 3.8559 | F81: 3.845 | G81: 3.925 | H81: 0.728 | I81: 2.194 | J81: 3.614 | K81: 2.42915 | L81: 2.581 | M81: 1.876608 | N81: 2.039089 | O81: 2.119289 | P81: 2.37365 | Q81: 3.34138 | R81: 2.847609 | S81: 2.749165 | T81: 2.42257 | U81: 1.66644 | V81: 0.57839 | W81: 1.086959 | X81: 1.096084 | Y81: 1.132555
B82: Subsector pecuario
C83: Ave | D83: 298.04757 | E83: 301.93249 | F83: 325.1463 | G83: 349.0138 | H83: 345.91074 | I83: 376.86052 | J83: 403.02247 | K83: 460.36018 | L83: 506.50191 | M83: 563.90258 | N83: 592.63083 | O83: 672.34134 | P83: 718.17315 | Q83: 742.90446 | R83: 783.13889 | S83: 845.74484 | T83: 883.66609 | U83: 907.67328 | V83: 989.6275 | W83: 1037.3648 | X83: 1047.4502 | Y83: 1040.9999
C84: Ovino | D84: 41.013027 | E84: 41.199247 | F84: 40.934625 | G84: 41.252364 | H84: 43.39989 | I84: 43.34872 | J84: 43.6712 | K84: 43.585392 | L84: 42.565711 | M84: 42.373623 | N84: 43.422445 | O84: 43.736773 | P84: 45.069337 | Q84: 44.587161 | R84: 43.35306 | S84: 41.450686 | T84: 42.894541 | U84: 42.178746 | V84: 42.700948 | W84: 42.768729 | X84: 40.864174 | Y84: 41.567057
C85: Porcino | D85: 60.221515 | E85: 61.013676 | F85: 60.891573 | G85: 61.616141 | H85: 64.16991 | I85: 66.821513 | J85: 69.896261 | K85: 72.74008 | L85: 72.926597 | M85: 72.396045 | N85: 74.172109 | O85: 76.708037 | P85: 79.29406 | Q85: 82.932234 | R85: 87.430805 | S85: 93.35538 | T85: 95.827691 | U85: 102.73095 | V85: 106.30433 | W85: 111.25278 | X85: 110.07324 | Y85: 112.90292
C86: Vacuno | D86: 127.55579 | E86: 126.61466 | F86: 132.39558 | G86: 135.81603 | H86: 137.30085 | I86: 146.4003 | J86: 157.79517 | K86: 159.18529 | L86: 160.29523 | M86: 161.37087 | N86: 168.49063 | O86: 175.18898 | P86: 185.07184 | Q86: 188.57937 | R86: 189.78257 | S86: 190.1039 | T86: 187.38077 | U86: 185.68674 | V86: 185.56419 | W86: 189.33869 | X86: 180.47862 | Y86: 183.42368
C87: Caprino | D87: 7.818865 | E87: 7.71145 | F87: 7.2643517 | G87: 7.8714883 | H87: 7.9372924 | I87: 8.1150592 | J87: 8.1096379 | K87: 8.428389 | L87: 7.8644187 | M87: 7.5561724 | N87: 7.5750839 | O87: 7.7901408 | P87: 7.9960828 | Q87: 8.26642 | R87: 7.8899038 | S87: 7.481227 | T87: 7.3696964 | U87: 6.6725881 | V87: 6.0308388 | W87: 6.374301 | X87: 6.1899794 | Y87: 6.2081773
C88: Alpaca | D88: 8.9720444 | E88: 9.4084 | F88: 9.6804069 | G88: 9.6960126 | H88: 9.8252507 | I88: 10.426565 | J88: 10.716866 | K88: 11.089544 | L88: 11.029494 | M88: 11.846811 | N88: 12.344479 | O88: 13.152579 | P88: 13.812251 | Q88: 14.215931 | R88: 14.626308 | S88: 13.914857 | T88: 14.732454 | U88: 15.143167 | V88: 14.969547 | W88: 14.964323 | X88: 14.709558 | Y88: 15.127823
C89: Llama | D89: 3.6875333 | E89: 3.8218667 | F89: 3.6525102 | G89: 4.0470051 | H89: 4.272009 | I89: 4.5335392 | J89: 4.4870623 | K89: 4.7803484 | L89: 4.5177097 | M89: 4.7692592 | N89: 4.6595557 | O89: 4.7407136 | P89: 5.0563211 | Q89: 4.8912404 | R89: 4.7381778 | S89: 4.4312237 | T89: 4.6678668 | U89: 4.6495281 | V89: 4.6503821 | W89: 4.4591197 | X89: 4.3729406 | Y89: 4.5680777
C90: Huevo | D90: 89.608091 | E90: 92.255863 | F90: 97.484642 | G90: 94.732197 | H90: 103.29572 | I90: 100.43657 | J90: 116.95909 | K90: 131.01752 | L90: 131.45212 | M90: 132.37507 | N90: 140.10509 | O90: 156.68408 | P90: 154.68891 | Q90: 173.80477 | R90: 176.51812 | S90: 192.47111 | T90: 197.94551 | U90: 207.45463 | V90: 216.76227 | W90: 242.05702 | X90: 246.64368 | Y90: 249.77814
C91: Leche | D91: 453.83921 | E91: 510.28492 | F91: 527.60266 | G91: 566.96163 | H91: 593.55665 | I91: 637.77768 | J91: 697.03896 | K91: 749.62999 | L91: 807.57632 | M91: 859.11244 | N91: 879.06368 | O91: 919.8545 | P91: 940.70158 | Q91: 944.37457 | R91: 968.0642 | S91: 983.9811 | T91: 1007.1771 | U91: 1037.227 | V91: 1069.6435 | W91: 1100.1122 | X91: 1104.3678 | Y91: 1126.0496
C92: Fibra Alpaca | D92: 1.50008 | E92: 1.72839 | F92: 1.5494271 | G92: 1.550649 | H92: 1.4823395 | I92: 1.493299 | J92: 1.4523926 | K92: 1.6413893 | L92: 1.8362638 | M92: 2.0683552 | N92: 1.978161 | O92: 2.1167164 | P92: 2.0902804 | Q92: 1.7186944 | R92: 1.6507997 | S92: 1.6018443 | T92: 1.6265099 | U92: 1.7760256 | V92: 1.8411592 | W92: 1.8035927 | X92: 1.7244749 | Y92: 1.7169236
C93: Fibra Llama | D93: 0.34539 | E93: 0.3797 | F93: 0.337567 | G93: 0.32320142 | H93: 0.29764054 | I93: 0.26717083 | J93: 0.24933985 | K93: 0.31982611 | L93: 0.33802645 | M93: 0.34765766 | N93: 0.31648997 | O93: 0.32138629 | P93: 0.33139195 | Q93: 0.31437199 | R93: 0.32495218 | S93: 0.25258865 | T93: 0.26555185 | U93: 0.29105301 | V93: 0.26927385 | W93: 0.26208531 | X93: 0.27039061 | Y93: 0.27605328
C94: Lana | D94: 9.998474 | E94: 10.436578 | F94: 9.6474134 | G94: 9.6614674 | H94: 9.4916974 | I94: 9.1662045 | J94: 8.6673303 | K94: 8.9144623 | L94: 8.2795577 | M94: 8.4335137 | N94: 8.4291493 | O94: 8.351498 | P94: 8.8445695 | Q94: 8.2832691 | R94: 7.7022152 | S94: 6.8196256 | T94: 7.3018204 | U94: 6.4336701 | V94: 6.4488431 | W94: 6.2472307 | X94: 6.0038386 | Y94: 6.4438763
A95: p/ Preliminar
A96: Elaboración: MIDAGRI - DGESEP (DEIA)

Sheet c-8
A1: C.8 PERÚ: VARIACIÓN PORCENTUAL DEL VALOR DE LA PRODUCCIÓN (VBP) AGROPECUARIA, POR SUBSECTORES Y PRINCIPALES PRODUCTOS, ENERO-JUNIO 2000-2021
A3: Principales productos | C3: 01/00 | D3: 02/01 | E3: 03/02 | F3: 04/03 | G3: 05/04 | H3: 06/05 | I3: 07/06 | J3: 08/07 | K3: 09/08 | L3: 10/09 | M3: 11/10 | N3: 12/11 | O3: 13/112 | P3: 14/13 | Q3: 15/14 | R3: 16/15 | S3: 17/16p/ | T3: 18/17p/ | U3: 19/18p/ | V3: 20/19p/ | W3: 21/20p/
A4: Sector Agropecuario | C4: 0.60201615 | D4: 6.7429608 | E4: 2.5263584 | F4: -1.1776755 | G4: 6.5963332 | H4: 5.410699 | I4: 4.4964855 | J4: 7.4753123 | K4: 2.8371723 | L4: 3.3368308 | M4: 4.5611509 | N4: 6.7104792 | O4: 2.3677507 | P4: 1.0151776 | Q4: 3.3812416 | R4: 1.5857648 | S4: 0.51652283 | T4: 9.4855953 | U4: 3.3682084 | V4: 2.9553242 | W4: -0.084367132
A5: Subsector agrícola | C5: -0.2697511 | D5: 7.7190466 | E5: 1.77045 | F5: -2.4928236 | G5: 6.8946869 | H5: 4.5615491 | I5: 2.6211812 | J5: 8.4930967 | K5: 1.2218091 | L5: 2.9318488 | M5: 2.361134 | N5: 7.72606 | O5: 1.9501341 | P5: -0.21231715 | Q5: 2.4754951 | R5: 0.74307065 | S5: -0.59190447 | T5: 11.645737 | U5: 2.6983921 | V5: 4.6262736 | W5: -0.39429143
B6: Arroz cáscara | C6: 13.951355 | D6: 4.2438311 | E6: -2.4603751 | F6: -19.944348 | G6: 21.823797 | H6: -1.5794367 | I6: 16.479153 | J6: 7.1761404 | K6: 13.495846 | L6: -5.0667396 | M6: -22.526949 | N6: 30.910573 | O6: 6.6314274 | P6: -13.392624 | Q6: 9.7086267 | R6: 4.0153655 | S6: -17.784882 | T6: 26.669269 | U6: -7.3877636 | V6: 16.655168 | W6: -7.1298612
B7: Papa | C7: -24.803144 | D7: 27.627226 | E7: -0.62625154 | F7: -10.184148 | G7: 14.005132 | H7: -6.1705561 | I7: 2.1322325 | J7: 6.8782113 | K7: 3.6848404 | L7: 0.46493186 | M7: 7.3656284 | N7: 11.912788 | O7: 2.7191055 | P7: 2.302669 | Q7: 2.8577302 | R7: -4.9954952 | S7: 3.7974751 | T7: 10.367243 | U7: 4.0261111 | V7: 5.5145475 | W7: 2.2068461
B8: Café pergamino | C8: 6.1272063 | D8: 0.93525812 | E8: -4.994324 | F8: 24.658716 | G8: -16.220226 | H8: 36.472639 | I8: -18.097157 | J8: 29.196271 | K8: -8.3295339 | L8: 6.2943549 | M8: 20.059454 | N8: -3.7549272 | O8: -17.74082 | P8: -13.759991 | Q8: 16.954299 | R8: 5.0543721 | S8: 18.069877 | T8: 10.241008 | U8: -5.1780452 | V8: 6.4662414 | W8: -4.7273848
B9: Espárrago | C9: 24.784901 | D9: -1.6655124 | E9: 7.1319763 | F9: 3.4292323 | G9: 0.093769563 | H9: 20.163373 | I9: 9.3567287 | J9: 22.324981 | K9: -11.283871 | L9: 7.809468 | M9: 27.147397 | N9: -8.2758308 | O9: 0.14578892 | P9: 6.428238 | Q9: 2.2090237 | R9: 3.6901294 | S9: 1.6678564 | T9: -6.1658089 | U9: 3.2612878 | V9: 5.6146328 | W9: -13.482921
B10: Maíz amarillo duro | C10: 13.628852 | D10: -7.0736635 | E10: 23.080721 | F10: -7.2091559 | G10: -3.4288823 | H10: -8.2827097 | I10: 7.1341817 | J10: 14.637483 | K10: 14.070245 | L10: -5.6143424 | M10: -5.2244218 | N10: 13.946328 | O10: -5.9039189 | P10: -1.3318969 | Q10: 8.8870189 | R10: -10.906974 | S10: -4.0299886 | T10: 5.2227852 | U10: -4.4715545 | V10: 0.25294132 | W10: 5.7283006
B11: Alfalfa | C11: 0.70964349 | D11: -0.9855768 | E11: 4.8489301 | F11: -0.50522037 | G11: 2.9234923 | H11: -4.0096082 | I11: 4.8372483 | J11: 0.79078489 | K11: 5.6025251 | L11: 4.0378714 | M11: 3.9922657 | N11: 3.7025788 | O11: 7.0314564 | P11: -3.0430263 | Q11: 3.8134707 | R11: -1.8316837 | S11: 1.4704828 | T11: 1.3528849 | U11: 4.8972497 | V11: 4.8132944 | W11: -0.048763795
B12: Plátano | C12: 5.9069854 | D12: -1.4094964 | E12: 4.6971524 | F12: 2.9047234 | G12: 1.7551592 | H12: 4.4993996 | I12: 5.2671853 | J12: -4.1444743 | K12: 3.8143088 | L12: 6.0942312 | M12: -0.56550446 | N12: 5.4881852 | O12: 1.414922 | P12: 1.175593 | Q12: -2.8888669 | R12: -0.78898015 | S12: -4.7049461 | T12: 10.845082 | U12: 4.8284279 | V12: 1.2056345 | W12: -0.88083721
B13: Algodón rama | C13: 3.8402353 | D13: 12.392025 | E13: -7.6110377 | F13: 31.024324 | G13: 20.10355 | H13: -10.101746 | I13: 12.193818 | J13: -20.271711 | K13: -43.225052 | L13: -34.31418 | M13: 68.701576 | N13: 7.3754724 | O13: -26.705806 | P13: 7.8766755 | Q13: -17.090701 | R13: -30.596708 | S13: -52.762551 | T13: 59.970687 | U13: 36.886854 | V13: -63.865645 | W13: -38.144853
B14: Caña de azúcar | C14: -3.8639722 | D14: 21.902533 | E14: 12.674952 | F14: -18.493967 | G14: -22.708236 | H14: 12.838326 | I14: 14.986742 | J14: 18.217821 | K14: 11.689066 | L14: -1.799606 | M14: -0.14880984 | N14: -0.77771693 | O14: 17.101358 | P14: 5.363481 | Q14: -16.291766 | R14: -9.4894695 | S14: -11.951124 | T14: 13.42916 | U14: 15.920439 | V14: 0.28515771 | W14: -10.344164
B15: Yuca | C15: 4.3150703 | D15: -4.4305271 | E15: 2.149418 | F15: 4.5210654 | G15: 4.7892764 | H15: 5.0002932 | I15: 2.6337424 | J15: -3.3143059 | K15: 6.786525 | L15: 4.9783085 | M15: -5.4566357 | N15: 3.0978764 | O15: 1.7361461 | P15: -1.1343342 | Q15: 8.6467671 | R15: -1.6065788 | S15: -4.3129295 | T15: 6.4317045 | U15: 3.1892843 | V15: 3.7716483 | W15: -2.7285375
B16: Cebolla | C16: 4.0538296 | D16: 5.1165957 | E16: 8.4784967 | F16: -4.3370199 | G16: 5.7069773 | H16: 6.3944511 | I16: 9.6461977 | J16: -9.2393078 | K16: 8.8805476 | L16: 8.7500258 | M16: -5.7708949 | N16: 11.072051 | O16: -5.6282073 | P16: -10.603701 | Q16: 2.4519603 | R16: 6.0098488 | S16: -4.465888 | T16: -7.6023856 | U16: 1.2678787 | V16: 1.5179623 | W16: 20.775288
B17: Maíz Amiláceo | C17: -15.206023 | D17: 10.698797 | E17: 2.4750659 | F17: -10.974224 | G17: 14.480287 | H17: -0.84981695 | I17: -5.0196804 | J17: 0.44656938 | K17: 12.036197 | L17: -7.5672512 | M17: -4.2680337 | N17: 9.9688346 | O17: 11.096062 | P17: -1.6343931 | Q17: -2.3472541 | R17: -4.9188606 | S17: -9.1874422 | T17: 10.566853 | U17: 1.065659 | V17: 9.7909669 | W17: -3.3476886
... B48: Papaya | C48: -2.36927 | D48: 0.41452966 | E48: 12.462425 | F48: 2.6044977 | G48: -8.9052121 | H48: -8.2312533 | I48: -2.4521799 | J48: 0.96988977 | K48: 7.3106013 | L48: 8.3667936 | M48: -34.045188 | N48: -7.8056606 | O48: 28.515423 | P48: -1.379325 | Q48: -5.8787037 | R48: 23.947226 | S48: 5.2877736 | T48: -1.4038653 | U48: -11.084183 | V48: 13.29983 | W48: 5.7866912
W49: sigue…
B50: continúa C.8
A51: Principales productos | C51: 01/00 | D51: 02/01 | E51: 03/02 | F51: 04/03 | G51: 05/04 | H51: 06/05 | I51: 07/06 | J51: 08/07 | K51: 09/08 | L51: 10/09 | M51: 11/10 | N51: 12/11 | O51: 13/112 | P51: 14/13 | Q51: 15/14 | R51: 16/15 | S51: 17/16p/ | T51: 18/17p/ | U51: 19/18p/ | V51: 20/19p/ | W51: 21/20p/
B52: Quinua | C52: -23.811207 | D52: 45.486168 | E52: -0.26975133 | F52: -10.026171 | G52: 23.411817 | H52: -6.8375315 | I52: 3.7878651 | J52: -6.157137 | K52: 31.539148 | L52: 5.2809394 | M52: -1.7883009 | N52: 5.3310821 | O52: 3.7943006 | P52: 68.573035 | Q52: 19.584298 | R52: -19.225738 | S52: 1.0122696 | T52: 6.1424897 | U52: -2.4302027 | V52: 20.400468 | W52: 3.7390522
B53: Orégano | C53: 43.570423 | D53: 2.0340288 | E53: -13.343435 | F53: 3.3304326 | G53: 7.4119652 | H53: 7.3400892 | I53: 11.655517 | J53: 52.273684 | K53: 8.3194631 | L53: 0.64121074 | M53: 12.285911 | N53: -7.2301801 | O53: 17.528653 | P53: 35.342036 | Q53: -8.552785 | R53: -5.5250478 | S53: 10.699419 | T53: -3.6816198 | U53: -2.5556495 | V53: -16.949002 | W53: -3.1711936
B54: Tuna | C54: -12.977113 | D54: -7.3889545 | E54: -0.409961 | F54: -2.3400723 | G54: 4.3038709 | H54: 4.554747 | I54: -0.30985694 | J54: 2.8503334 | K54: 13.567933 | L54: 4.1995805 | M54: -3.1528913 | N54: -1.6420441 | O54: 1.2008248 | P54: -1.1186094 | Q54: 8.6335976 | R54: -3.2762241 | S54: 3.3098546 | T54: -7.0526477 | U54: 2.7440659 | V54: -21.32251 | W54: -17.583443
B55: Frijol caupí grano seco | C55: 2.5298569 | D55: 2.868904 | E55: -13.751554 | F55: 2.1320394 | G55: -20.877101 | H55: 157.17505 | I55: -48.890702 | J55: 69.983567 | K55: 16.056249 | L55: 49.716558 | M55: -67.232656 | N55: 221.77828 | O55: -67.945536 | P55: -7.0647731 | Q55: -11.811134 | R55: 141.03253 | S55: -23.760814 | T55: -75.013829 | U55: 136.18884 | V55: -29.180334 | W55: 34.599957
B56: Haba grano verde | C56: -1.8693032 | D56: 1.4500755 | E56: -5.1478517 | F56: -8.9431684 | G56: -7.6658497 | H56: 3.0835811 | I56: 3.3015212 | J56: 2.8826697 | K56: 3.9047396 | L56: -4.6059437 | M56: 2.916067 | N56: 3.3659675 | O56: 3.5251554 | P56: -2.6325931 | Q56: 5.5715247 | R56: -6.7436354 | S56: 12.479411 | T56: 1.9525217 | U56: -4.7101095 | V56: 0.98120173 | W56: 8.4134327
B57: Tangelo | C57: 35.414135 | D57: 5.4220472 | E57: 18.451181 | F57: 50.470157 | G57: -13.063841 | H57: 5.3373744 | I57: -16.337709 | J57: 24.940033 | K57: 8.3683012 | L57: 16.683515 | M57: -11.317645 | N57: -2.9153083 | O57: 4.710441 | P57: 3.2106544 | Q57: 5.1189914 | R57: -9.9594683 | S57: 7.6195599 | T57: -6.4040962 | U57: -6.9433518 | V57: -0.87896176 | W57: 3.3051627
B58: Sandía | C58: 8.963746 | D58: 4.992584 | E58: -3.6271462 | F58: 24.398089 | G58: -12.243988 | H58: 12.068112 | I58: 47.710154 | J58: 6.5506859 | K58: 3.7396002 | L58: -10.465608 | M58: -12.62273 | N58: 10.275563 | O58: 9.1578332 | P58: -4.170552 | Q58: -10.012012 | R58: -8.0385975 | S58: 1.6849181 | T58: 27.184386 | U58: 6.2598532 | V58: 2.6034492 | W58: -10.661747
B59: Pallar grano seco | C59: -25.976935 | D59: -48.404862 | E59: -32.637156 | F59: -29.431081 | G59: -14.998377 | H59: 110.55379 | I59: -13.870246 | J59: 18.448578 | K59: 188.7157 | L59: -42.158473 | M59: -22.873037 | N59: 3.9390405 | O59: 27.695509 | P59: -43.83522 | Q59: 45.705212 | R59: 22.919394 | S59: 91.474927 | T59: -73.181332 | U59: 24.520957 | V59: -17.304479 | W59: -9.8745315
B60: Granadilla | C60: -12.053364 | D60: 2.4429967 | E60: 5.9155451 | F60: 13.628511 | G60: -3.0207021 | H60: 11.336751 | I60: 0.4182503 | J60: 19.251841 | K60: 6.1617411 | L60: 6.5768678 | M60: 10.370802 | N60: 17.000463 | O60: 32.139808 | P60: 33.490778 | Q60: -14.045609 | R60: 6.1076538 | S60: 12.098354 | T60: -3.7395326 | U60: -6.7139782 | V60: 0.8179257 | W60: 10.105096
B61: Lúcuma | C61: 22.034103 | D61: 41.652591 | E61: 11.637597 | F61: 32.339046 | G61: 1.4266602 | H61: 4.1864864 | I61: 17.046327 | J61: -4.716513 | K61: 17.37266 | L61: 0.52548661 | M61: 5.2525818 | N61: 9.5369971 | O61: 7.6774827 | P61: 6.9369586 | Q61: -5.8020296 | R61: 2.9714471 | S61: -6.7277258 | T61: -8.0915781 | U61: -2.1795738 | V61: -10.547635 | W61: 0.040272777
B62: Chirimoya | C62: 5.993028 | D62: 48.906522 | E62: -8.4452607 | F62: -13.684002 | G62: 5.9780412 | H62: -6.1542993 | I62: 8.606839 | J62: 5.9948747 | K62: 20.584563 | L62: 3.9163192 | M62: -4.428138 | N62: -13.878954 | O62: 35.842611 | P62: -21.633695 | Q62: 16.800541 | R62: 29.860293 | S62: -3.3032038 | T62: -15.709511 | U62: 5.7694233 | V62: -2.0623968 | W62: -3.9577429
B63: Maracuyá | C63: -22.873075 | D63: 11.837097 | E63: 21.183078 | F63: -3.8461218 | G63: -5.5818889 | H63: 7.1905181 | I63: 35.654199 | J63: 10.967256 | K63: 24.375106 | L63: 0.67673355 | M63: 82.581802 | N63: -27.966438 | O63: -15.316615 | P63: 4.5568783 | Q63: 41.853226 | R63: -7.3385555 | S63: -7.2655214 | T63: 20.147743 | U63: -12.884632 | V63: 27.044531 | W63: 14.453013
... B81: Otros | C81: -1.2879525 | D81: 13.470028 | E81: -0.54179187 | F81: -0.9604375 | G81: 5.1886569 | H81: 7.0345271 | I81: 11.577088 | J81: -0.65953472 | K81: 17.084615 | L81: 7.8317986 | M81: 4.7126309 | N81: 0.94523303 | O81: 6.6505844 | P81: 0.85334119 | Q81: 7.0513603 | R81: -0.5949847 | S81: 2.5670392 | T81: 7.13989 | U81: 7.4661242 | V81: -0.19939101 | W81: 3.2938417
A82: Subsector pecuario | C82: 2.7005508 | D82: 4.4612653 | E82: 4.3484749 | F82: 1.914166 | G82: 5.9252507 | H82: 7.3381596 | I82: 8.6430724 | J82: 5.3495741 | K82: 6.3116817 | L82: 4.1662082 | M82: 9.0132555 | N82: 4.7806911 | O82: 3.1836047 | P82: 3.3845396 | Q82: 5.0687261 | R82: 3.1170272 | S82: 2.4842807 | T82: 5.7658671 | U82: 4.5857429 | V82: -0.027172828 | W82: 0.49456964
B83: Ave | C83: 1.3034581 | D83: 7.6884093 | E83: 7.3405432 | F83: -0.88909513 | G83: 8.9473302 | H83: 6.942079 | I83: 14.226927 | J83: 10.022962 | K83: 11.332764 | L83: 5.0945412 | M83: 13.450282 | N83: 6.8167469 | O83: 3.4436411 | P83: 5.4158289 | Q83: 7.994233 | R83: 4.4837697 | S83: 2.7167721 | T83: 9.0290436 | U83: 4.8237604 | V83: 0.97221296 | W83: -0.61580159
B84: Ovino | C84: 0.45405085 | D84: -0.64229814 | E84: 0.77620971 | F84: 5.2058263 | G84: -0.1179036 | H84: 0.74391928 | I84: -0.19648643 | J84: -2.3395009 | K84: -0.45127588 | L84: 2.4751782 | M84: 0.72388339 | N84: 3.0467807 | O84: -1.0698523 | P84: -2.7678401 | Q84: -4.3880957 | R84: 3.4833075 | S84: -1.6687315 | T84: 1.2380686 | U84: 0.15873311 | V84: -4.4531486 | W84: 1.7200486
B85: Porcino | C85: 1.3154125 | D85: -0.20012377 | E85: 1.1899306 | F85: 4.1446434 | G85: 4.1321594 | H85: 4.601434 | I85: 4.0686283 | J85: 0.25641549 | K85: -0.72751478 | L85: 2.4532616 | M85: 3.4189778 | N85: 3.3712539 | O85: 4.5882052 | P85: 5.4243936 | Q85: 6.7763018 | R85: 2.6482795 | S85: 7.2038213 | T85: 3.4783857 | U85: 4.6549931 | V85: -1.0602408 | W85: 2.5707262
B86: Vacuno | C86: -0.73781941 | D86: 4.5657584 | E86: 2.5835082 | F86: 1.0932606 | G86: 6.6273782 | H86: 7.7833667 | I86: 0.88096146 | J86: 0.69726362 | K86: 0.67104145 | L86: 4.4120464 | M86: 3.9755023 | N86: 5.6412566 | O86: 1.8952248 | P86: 0.6380331 | Q86: 0.16931699 | R86: -1.4324416 | S86: -0.90405939 | T86: -0.065999813 | U86: 2.0340692 | V86: -4.6794845 | W86: 1.631807
B87: Caprino | C87: -1.3737927 | D87: -5.7978503 | E87: 8.3577537 | F87: 0.83598009 | G87: 2.2396411 | H87: -0.066806287 | I87: 3.930522 | J87: -6.6913174 | K87: -3.9195058 | L87: 0.25027899 | M87: 2.8390042 | N87: 2.6436231 | O87: 3.3808701 | P87: -4.5547672 | Q87: -5.1797441 | R87: -1.4908053 | S87: -9.4591185 | T87: -9.6176965 | U87: 5.6950976 | V87: -2.8916369 | W87: 0.29399027
B88: Alpaca | C88: 4.8635019 | D88: 2.8911068 | E88: 0.16120877 | F88: 1.3328995 | G88: 6.1200926 | H88: 2.7842448 | I88: 3.4774841 | J88: -0.54149842 | K88: 7.4102845 | L88: 4.2008667 | M88: 6.5462403 | N88: 5.0155396 | O88: 2.9226186 | P88: 2.8867411 | Q88: -4.8641852 | R88: 5.8757078 | S88: 2.7878117 | T88: -1.1465254 | U88: -0.034894361 | V88: -1.7024823 | W88: 2.8434912
B89: Llama | C89: 3.6429049 | D89: -4.4312494 | E89: 10.800651 | F89: 5.5597639 | G89: 6.1219476 | H89: -1.0251796 | I89: 6.5362629 | J89: -5.4941339 | K89: 5.5680765 | L89: -2.3002221 | M89: 1.7417517 | N89: 6.6573849 | O89: -3.2648378 | P89: -3.1293222 | Q89: -6.4783157 | R89: 5.3403557 | S89: -0.39287015 | T89: 0.018368202 | U89: -4.1128318 | V89: -1.9326502 | W89: 4.4623774
B90: Huevo | C90: 2.9548358 | D90: 5.667693 | E90: -2.8234654 | F90: 9.0397128 | G90: -2.7679232 | H90: 16.450697 | I90: 12.019956 | J90: 0.3317173 | K90: 0.70211388 | L90: 5.8394862 | M90: 11.833253 | N90: -1.2733739 | O90: 12.357619 | P90: 1.561147 | Q90: 9.0375957 | R90: 2.8442674 | S90: 4.8039103 | T90: 4.4865898 | U90: 11.669349 | V90: 1.894869 | W90: 1.2708457
B91: Leche | C91: 12.437381 | D91: 3.3937392 | E91: 7.4599655 | F91: 4.6907959 | G91: 7.4501787 | H91: 9.2918396 | I91: 7.5449195 | J91: 7.7299922 | K91: 6.3815783 | L91: 2.3223085 | M91: 4.6402573 | N91: 2.2663452 | O91: 0.39045259 | P91: 2.5084992 | Q91: 1.6441989 | R91: 2.3573588 | S91: 2.9835755 | T91: 3.1253129 | U91: 2.8484874 | V91: 0.38683318 | W91: 1.9632773
B92: Fibra Alpaca | C92: 15.219855 | D92: -10.354313 | E92: 0.078859986 | F92: -4.4052212 | G92: 0.73933914 | H92: -2.7393259 | I92: 13.012779 | J92: 11.872533 | K92: 12.639327 | L92: -4.3606689 | M92: 7.0042533 | N92: -1.2489163 | O92: -17.776851 | P92: -3.9503666 | Q92: -2.9655543 | R92: 1.539823 | S92: 9.1924296 | T92: 3.6673788 | U92: -2.0403734 | V92: -4.3866783 | W92: -0.43789227
B93: Fibra Llama | C93: 9.9336981 | D93: -11.096392 | E93: -4.2556233 | F93: -7.9086531 | G93: -10.237085 | H93: -6.6739971 | I93: 28.269149 | J93: 5.6907003 | K93: 2.8492457 | L93: -8.9650521 | M93: 1.5470703 | N93: 3.1132827 | O93: -5.1358994 | P93: 3.3654981 | Q93: -22.268977 | R93: 5.1321385 | S93: 9.6030806 | T93: -7.4828838 | U93: -2.669603 | V93: 3.168932 | W93: 2.0942524
B94: Lana | C94: 4.3817086 | D94: -7.5615264 | E94: 0.14567586 | F94: -1.7571864 | G94: -3.4292373 | H94: -5.4425383 | I94: 2.8513044 | J94: -7.1221859 | K94: 1.8594707 | L94: -0.051750459 | M94: -0.92122346 | N94: 5.903989 | O94: -6.3462723 | P94: -7.0147896 | Q94: -11.458906 | R94: 7.0706937 | S94: -11.889505 | T94: 0.23583615 | U94: -3.1263332 | V94: -3.8960008 | W94: 7.3292731
A95: p/ Preliminar
A96: Elaboración: MIDAGRI - DGESEP (DEIA)

Sheet C-9
A1: C.9 EVALUACIÓN DE LA PRODUCCIÓN AGROINDUSTRIAL DE LAS PRINCIPALES ACTIVIDADES,
A2: POR PRODUCTOS TERMINADOS
A3: (Millones de soles a precios 2007)
A5: Productos | B5: Enero - Junio | E5: Junio
B6: 2020 p/ | C6: 2021 p/ | D6: Var. % | E6: 2020 p/ | F6: 2021 p/ | G6: Var. %
A7: Total General | B7: 6565 | C7: 6931 | D7: 5.6 | E7: 1182 | F7: 1212 | G7: 2.5
A9: Aceites y Grasas | B9: 1079.484 | C9: 1219.5153 | D9: 12.972063 | E9: 200.97476 | F9: 224.92687 | G9: 11.91797
A10: Aceites: | B10: 871.40784 | C10: 960.41748 | D10: 10.214464 | E10: 157.18369 | F10: 173.29828 | G10: 10.252075
A11: Vegetal | B11: 871.40784 | C11: 960.41748 | D11: 10.214464 | E11: 157.18369 | F11: 173.29828 | G11: 10.252075
A12: Grasas | B12: 208.07616 | C12: 259.09786 | D12: 24.520683 | E12: 43.791068 | F12: 51.628589 | G12: 17.897534
A13: Manteca | B13: 164.8596 | C13: 216.68611 | D13: 31.436753 | E13: 32.245808 | F13: 41.611889 | G13: 29.045889
A14: Margarina | B14: 43.21656 | C14: 42.41175 | D14: -1.8622722 | E14: 11.54526 | F14: 10.0167 | G14: -13.239719
A16: Alimentos Balanceados | B16: 1867.9602 | C16: 1856.2588 | D16: -0.62643104 | E16: 287.98274 | F16: 320.07219 | G16: 11.142839
A17: Aves carne | B17: 1092.0621 | C17: 1038.6763 | D17: -4.8885309 | E17: 155.96358 | F17: 177.20155 | G17: 13.617266
A18: Aves Post. /Rep. | B18: 405.26596 | C18: 407.49456 | D18: 0.54990919 | E18: 70.041321 | F18: 71.089264 | G18: 1.4961783
A19: Porcinos | B19: 139.24561 | C19: 137.90486 | D19: -0.96287068 | E19: 26.793983 | F19: 25.260732 | G19: -5.7223725
A20: Vacunos | B20: 32.673798 | C20: 30.702314 | D20: -6.0338366 | E20: 5.4868432 | F20: 5.3064312 | G20: -3.2880837
... A22: Otros 1/ | B22: 161.87466 | C22: 215.68186 | D22: 33.240035 | E22: 24.497293 | F22: 36.248368 | G22: 47.968872
A24: Avena Elaborada
A25: Avena Elaborada | B25: 70 | C25: 50 | D25: 27.8 | E25: 13 | F25: 7 | G25: -49.052459
A27: Azúcar
A28: Azúcar | B28: 657.68753 | C28: 599.39885 | D28: -8.8626709 | E28: 131.11621 | F28: 101.88416 | G28: -22.294761
A30: Embutidos y Carnes Preparadas | B30: 183.82836 | C30: 187.07356 | D30: 1.7653422 | E30: 31.853022 | F30: 33.061921 | G30: 3.7952414
A31: Carne ahumada | B31: 6.498454 | C31: 7.6137584 | D31: 17.162611 | E31: 0.93378342 | F31: 1.3095851 | G31: 40.245059
A32: Chorizo | B32: 30.4132 | C32: 31.12693 | D32: 2.3467783 | E32: 5.2446255 | F32: 5.9160776 | G32: 12.80267
A33: Hot Dog | B33: 78.025975 | C33: 73.79519 | D33: -5.4222784 | E33: 13.224847 | F33: 13.14698 | G33: -0.58879151
A34: Jamón | B34: 28.659321 | C34: 32.593291 | D34: 13.726667 | E34: 4.8090249 | F34: 5.3636194 | G34: 11.532368
A35: Jamonada | B35: 30.779657 | C35: 31.452321 | D35: 2.1854161 | E35: 5.806242 | F35: 5.5108019 | G35: -5.0883192
A36: Mortadela | B36: 6.1840481 | C36: 7.0492566 | D36: 13.990972 | E36: 1.1189411 | F36: 1.2823042 | G36: 14.599797
A37: Pasteles | B37: 0.069797113 | C37: 0.08525333 | D37: 22.144493 | E37: 0.0064815 | F37: 0.013593866 | G37: 109.73333
A38: Pate | B38: 3.1979104 | C38: 3.3575631 | D38: 4.9924054 | E38: 0.70907639 | F38: 0.51895863 | G38: -26.812028
A40: Espárragos | B40: 105.3253 | C40: 179.4515 | D40: 70.378347 | E40: 15.372464 | F40: 37.690189 | G40: 145.17987
A41: Conserva | B41: 76.062673 | C41: 149.15445 | D41: 96.094149 | E41: 14.962533 | F41: 35.707028 | G41: 138.64293
... A55: Pasteurizada | B55: 173.90479 | C55: 162.62071 | D55: -6.4886546 | E55: 31.524978 | F55: 27.529706 | G55: -12.673354
A56: p/ Preliminar
A57: 1/. Incluye alimentos para conejos, pavos, patos, peces, equinos, etc.
A58: Elaboración : MIDAGRI-DGESEP (DEIA)

Sheet agricola
A1: INDICADORES PRODUCTIVOS AGRICOLAS
A6: Cuadro | B6: Descripción
A8: C.10 | B8: Perú: Siembras de los principales cultivos transitorio por región según campaña agrícola: Agosto - Junio 2013 - 14 … 2020-21 (Hectárea)
A9: C.11 | B9: Perú: Superficie sembrada de principales cultivos transitorio, según campaña agrícola, Agosto - Junio 2013 -14..2020-21 (Hectárea)
A10: C.12 | B10: Perú: Variación porcentual de superficie sembrada de los principales cultivos transitorios, según campaña agrícola, Agosto - Junio 2013-14…2019-21
A11: C.13 | B11: Perú: Superficie sembrada de principales cultivos transitorio por región, campaña agrícola: Agosto - Junio 2019-2020/ 2020_2021 (Hectárea).
A12: C.14 | B12: Perú. Superficie sembrada de principales cultivos transitorio por región según mes, campaña agrícola: 2019/20 y 2020/21
A13: C.15 | B13: Perú: Superficie sembrada de principales cultivos transitorios por cultivo según mes campaña agricola 2019/2020 y 2020/2021 (Hectárea)
A14: C.16 | B14: Perú: Superficie cosechada de principales cultivos transitorio por región. Junio 2020- 2021(Hectárea)
A15: C.17 | B15: Perú: Superficie cosechada de principales cultivos transitorio, según mes, Junio 2020- 2021 (Hectárea)
A16: C.18 | B16: Perú: Producción de principales cultivos, por región, Junio 2020-2021 (Tonelada)
A17: C.19 | B17: Perú: Producción de principales cultivos, por mes. Junio 2020-2021 (Tonelada)
A18: C.20 | B18: Perú: Rendimiento de principales cultivos transitorios, por región, Junio 2020-2021 (Kilos/hectarea)

Sheet c-10
A1: C.10 PERÚ: SIEMBRAS DE PRINCIPALES CULTIVOS TRANSITORIOS POR REGIÓN SEGÚN CAMPAÑA AGRÍCOLA
A2: AGOSTO-JUNIO 2013-14…2020-21
A3: (Hectárea)
A5: Zonas Geográficas | B5: 2013-14 | C5: 2014-15 | D5: 2015-16 | E5: 2016-17p/ | F5: 2017-18p/ | G5: 2018-19p/ | H5: 2019-20p/ | I5: 2020-21p/
A6: Nacional | B6: 2170072.5 | C6: 2204121.7 | D6: 2118634.2 | E6: 2121155.7 | F6: 2182505.8 | G6: 2129342.1 | H6: 2080195.6 | I6: 2091901.2
A7: Norte | B7: 713248.35 | C7: 755538.86 | D7: 708518.5 | E7: 686189.37 | F7: 709787.86 | G7: 690996.83 | H7: 662180.1 | I7: 668708.4
A8: Amazonas | B8: 89851.15 | C8: 95114.162 | D8: 82849.95 | E8: 84821.9 | F8: 94054.1 | G8: 94172.404 | H8: 90007.7 | I8: 83960.902
A9: Cajamarca | B9: 242153.5 | C9: 233535.4 | D9: 224528.5 | E9: 210534.14 | F9: 215843.3 | G9: 216257.15 | H9: 202773.05 | I9: 213982.9
A10: La Libertad | B10: 185557.45 | C10: 188427.8 | D10: 175151.5 | E10: 168529.7 | F10: 172168.5 | G10: 176097.8 | H10: 169721.2 | I10: 167518.6
A11: Lambayeque | B11: 75326.004 | C11: 95969 | D11: 89493 | E11: 83417 | F11: 89626 | G11: 83272 | H11: 80101 | I11: 74540
A12: Piura | B12: 103366 | C12: 125413 | D12: 121125 | E12: 121958 | F12: 121514 | G12: 105808.01 | H12: 107208 | I12: 112833
A13: Tumbes | B13: 16994.25 | C13: 17079.5 | D13: 15370.55 | E13: 16928.628 | F13: 16581.959 | G13: 15389.47 | H13: 12369.15 | I13: 15873
A14: Centro | B14: 538502.63 | C14: 529428.52 | D14: 491930.61 | E14: 496199.52 | F14: 516347.39 | G14: 481135.92 | H14: 459966.94 | I14: 470690.15
A15: Ancash | B15: 87048 | C15: 84254.5 | D15: 75281 | E15: 66693 | F15: 71677 | G15: 66812 | H15: 57823 | I15: 64089
A16: Callao | B16: 0 | C16: 0 | D16: 0 | E16: 0 | F16: 0 | G16: 0 | H16: 0 | I16: 0
A17: Huancavelica | B17: 93239.45 | C17: 91083.5 | D17: 91162.7 | E17: 93793.25 | F17: 120724.25 | G17: 100288.1 | H17: 99036 | I17: 96543
... A36: Ucayali | B36: 33559.93 | C36: 31067 | D36: 29922.678 | E36: 37971.92 | F36: 31242.67 | G36: 32923.2 | H36: 31956.25 | I36: 26683
A37: p/ Preliminar
A38: Fuente: Direcciones Regionales de Agricultura
A39: Elaboración: MIDAGRI-DGESEP (DEIA)
B61: 0 | C61: 0 | D61: 0 | E61: 0 | F61: 0
B242: 1427211.3 | C242: 1423961.2 | D242: 1399053.7 | E242: 1291808.4 | F242: 1409935.3 | K242: 94780.55

Sheet c-11
A1: C.11 PERÚ: SUPERFICIE SEMBRADA DE PRINCIPALES CULTIVOS TRANSITORIOS SEGÚN CAMPAÑA AGRÍCOLA
A2: AGOSTO-JUNIO 2013-14…2020-21
A3: (Hectárea)
A5: Cultivos | B5: 2013-14 | C5: 2014-15 | D5: 2015-16 | E5: 2016-17p/ | F5: 2017-18p/ | G5: 2018-19p/ | H5: 2019-20p/ | I5: 2020-21p/
A6: Nacional | B6: 2170072.5 | C6: 2204121.7 | D6: 2118634.2 | E6: 2121155.7 | F6: 2182505.8 | G6: 2129342.1 | H6: 2080195.6 | I6: 2091901.2
A7: Trigo | B7: 141089 | C7: 137939.5 | D7: 127175.75 | E7: 129605.5 | F7: 127226.25 | G7: 122481.3 | H7: 113284.8 | I7: 117315.01
A8: Maíz amarillo duro | B8: 269164.15 | C8: 279857.13 | D8: 260108.64 | E8: 259209.96 | F8: 247984.65 | G8: 240532.91 | H8: 226814.75 | I8: 239229.85
A9: Maíz amiláceo | B9: 254970.19 | C9: 258937.29 | D9: 245086.05 | E9: 231567.7 | F9: 245606.7 | G9: 247624 | H9: 241471.13 | I9: 236153.5
A10: Arroz cáscara | B10: 361126.21 | C10: 384173 | D10: 392162.25 | E10: 411140.28 | F10: 411248.36 | G10: 386549.58 | H10: 394446.9 | I10: 387502.9
A11: Cebada grano | B11: 152440.75 | C11: 146451.25 | D11: 137466.25 | E11: 134455 | F11: 137241.5 | G11: 132945.25 | H11: 125697.5 | I11: 127278.75
A12: Quinua | B12: 67043.55 | C12: 71772.65 | D12: 66283.75 | E12: 63059.24 | F12: 65372.25 | G12: 68116.5 | H12: 67465.1 | I12: 71316
A13: Ají | B13: 4110.3 | C13: 3526.2 | D13: 3859.75 | E13: 4057.2 | F13: 4611.05 | G13: 4040.24 | H13: 3769.05 | I13: 4124.15
A14: Piquillo | B14: 750.004 | C14: 741 | D14: 825 | E14: 989 | F14: 1167 | G14: 952 | H14: 496 | I14: 893
A15: Pimiento | B15: 1298.85 | C15: 1891.7 | D15: 1604.25 | E15: 1542 | F15: 1777 | G15: 1257.65 | H15: 1421.2 | I15: 837.8
A16: Tomate | B16: 5372.55 | C16: 5289.91 | D16: 5517.5 | E16: 5237.2 | F16: 4925.45 | G16: 4146.2 | H16: 4340.35 | I16: 4830.05
A17: Zapallo | B17: 7451.5 | C17: 8245.35 | D17: 7255.3 | E17: 6453.25 | F17: 7256.65 | G17: 7240.7 | H17: 6390.1 | I17: 7090.05
... A34: Algodón rama | B34: 29602.37 | C34: 25725.57 | D34: 16378.948 | E34: 8719.92 | F34: 14222.36 | G34: 17645.7 | H34: 5230.25 | I34: 4679
A35: p/ Preliminar
A36: Fuente: Direcciones Regionales de Agricultura
A37: Elaboración: MIDAGRI-DGESEP (DEIA)

Sheet c-12
A1: C.12 PERÚ: VARIACIÓN PORCENTUAL DE SUPERFICIE SEMBRADA DE PRINCIPALES CULTIVOS
A2: TRANSITORIOS, SEGÚN CAMPAÑA AGRÍCOLA AGOSTO-JUNIO 2013-14 ….2020-21
A4: Cultivos | B4: 2014-15/2013-14 | C4: 2015-16/2014-15 | D4: 2016-17/2015-16p/ | E4: 2017-18/2016-17p/ | F4: 2018-19/2017-18p/ | G4: 2019-20/2018-19p/ | H4: 2020-2021/2019-20p/
A5: Nacional | B5: 2.0881067 | C5: -4.1982714 | D5: -1.0359741 | E5: 4.3685192 | F5: -3.4422744 | G5: -1.1418056 | H5: 1.2465799
A6: Trigo | B6: -2.6208582 | C6: -7.7528704 | D6: 1.4573268 | E6: -0.31952055 | F6: -3.9542435 | G6: -8.4096861 | H6: 6.3523984
A7: Maíz amarillo duro | B7: 0.90665024 | C7: -5.0566324 | D7: -1.5666685 | E7: -2.8036496 | F7: -2.5483152 | G7: -5.2158822 | H7: 6.1884624
A8: Maíz amiláceo | B8: 1.7161994 | C8: -5.5664649 | D8: -5.9213331 | E8: 5.8176191 | F8: 0.52860547 | G8: -1.531402 | H8: -1.5762296
A9: Arroz cáscara | B9: 8.6251919 | C9: -0.3400706 | D9: 1.7738816 | E9: 2.6716271 | F9: -6.1168144 | G9: 3.3546651 | H9: -2.0152174
A10: Cebada grano | B10: -3.9093072 | C10: -6.1794118 | D10: -2.2019953 | E10: 2.2594305 | F10: -7.3866713 | G10: -1.2515232 | H10: 1.3193842
A11: Quinua | B11: 14.811137 | C11: -5.9491998 | D11: -4.2468912 | E11: 3.4764755 | F11: 1.4699483 | G11: 0.1982648 | H11: 6.0617768
A12: Ají | B12: -8.7774594 | C12: 12.370432 | D12: 10.895256 | E12: 10.791055 | F12: -10.319148 | G12: -11.2269 | H12: 15.050725
A13: Piquillo | B13: 0 | C13: 0 | D13: 0 | E13: 0 | F13: 0 | G13: 0 | H13: 0
A14: Pimiento | B14: -9.1853699 | C14: 4.7196796 | D14: -16.89156 | E14: 48.852955 | F14: -53.164054 | G14: 67.028097 | H14: -21.405588
A15: Tomate | B15: 1.2196902 | C15: 4.0857 | D15: -8.7072636 | E15: -7.6307438 | F15: -18.092321 | G15: 8.0650751 | H15: 15.088353
A16: Zapallo | B16: 15.772751 | C16: -18.924898 | D16: -3.8922801 | E16: 5.8314471 | F16: 1.6326643 | G16: -5.6275171 | H16: 9.0128797
... A33: Algodón rama | B33: -11.366925 | C33: -35.870061 | D33: -58.676657 | E33: 68.880038 | F33: 30.396209 | G33: -69.172987 | H33: -13.308341
A34: p/ Preliminar
A35: Fuente: Direcciones Regionales de Agricultura
A36: Elaboración: MIDAGRI-DGESEP (DEIA)

Sheet c-13
A1: C.13 PERÚ: SUPERFICIE SEMBRADA DE PRINCIPALES CULTIVOS TRANSITORIOS, POR REGIÓN
A2: CAMPAÑA AGRÍCOLA: AGOSTO-JUNIO 2020-2021/2019-2020
A3: (Hectárea) | M3: continúa C.13 | Y3: continúa C.13
A5: Región | B5: Campaña Agrícola | C5: Ago-Jun | D5: Trigo | E5: Maíz a. duro | F5: Maíz amiláceo | G5: Arroz cáscara | H5: Cebada grano | I5: Quinua | J5: Ají | K5: Piquillo | L5: Pimiento | M5: Región | N5: Campaña Agrícola | O5: Tomate | P5: Zapallo | Q5: Zanahoria | R5: Ajo | S5: Cebolla | T5: Papa | U5: Yuca | V5: Camote | W5: Oca | X5: Olluco | Y5: Región | Z5: Campaña Agrícola | AA5: Páprika | AB5: Frijol | AC5: Pallar | AD5: Haba grano | AE5: Arveja grano | AF5: Maíz chala | AG5: Cebada forrajera | AH5: Avena forrajera | AI5: Algodón rama
A7: Total Nacional | B7: 19-20p/ | C7: 2080195.6 | D7: 113284.8 | E7: 226814.75 | F7: 241471.13 | G7: 394446.9 | H7: 125697.5 | I7: 67465.1 | J7: 3769.05 | K7: 496 | L7: 1421.2 | M7: Total nacional | N7: 19-20p/ | O7: 4340.35 | P7: 6390.1 | Q7: 6972.85 | R7: 6907.8 | S7: 13994.75 | T7: 323776.91 | U7: 101744.7 | V7: 13252.05 | W7: 13726 | X7: 25246.55 | Y7: Total nacional | Z7: 19-20p/ | AA7: 4728 | AB7: 71082.5 | AC7: 5930.5 | AD7: 67769.35 | AE7: 76160.45 | AF7: 33037 | AG7: 19131.5 | AH7: 105907.51 | AI7: 5230.25
B8: 20-21p/ | C8: 2091901.2 | D8: 117315.01 | E8: 239229.85 | F8: 236153.5 | G8: 387502.9 | H8: 127278.75 | I8: 71316 | J8: 4124.15 | K8: 893 | L8: 837.8 | N8: 20-21p/ | O8: 4830.05 | P8: 7090.05 | Q8: 7670.45 | R8: 8074.2 | S8: 14162 | T8: 325508 | U8: 99290.85 | V8: 10662.7 | W8: 13142.75 | X8: 25311.95 | Z8: 20-21p/ | AA8: 4677.5 | AB8: 71313.5 | AC8: 3462.5 | AD8: 69053.05 | AE8: 75617.2 | AF8: 34472.5 | AG8: 18702.5 | AH8: 109529.5 | AI8: 4679
A9: Amazonas | B9: 19-20 | C9: 90007.7 | D9: 222 | E9: 8975 | F9: 8518.5 | G9: 47636 | H9: 69 | I9: 0 | J9: 38.4 | K9: 0 | L9: 0 | M9: Amazonas | N9: 19-20 | O9: 91 | P9: 106 | Q9: 250 | R9: 3 | S9: 1 | T9: 3421.5 | U9: 10465.3 | V9: 38.5 | W9: 42.5 | X9: 213 | Y9: Amazonas | Z9: 19-20 | AA9: 0 | AB9: 8816 | AC9: 0 | AD9: 313 | AE9: 788 | AF9: 0 | AG9: 0 | AH9: 0 | AI9: 0
B10: 20-21 | C10: 83960.902 | D10: 246.5 | E10: 10267.5 | F10: 6775.002 | G10: 46066 | H10: 79 | I10: 0 | J10: 38.4 | K10: 0 | L10: 0 | N10: 20-21 | O10: 169.5 | P10: 48 | Q10: 291 | R10: 3 | S10: 1 | T10: 3828.5 | U10: 6599.5 | V10: 26.5 | W10: 46.5 | X10: 234 | Z10: 20-21 | AA10: 0 | AB10: 7166.5 | AC10: 0 | AD10: 1251.5 | AE10: 823 | AF10: 0 | AG10: 0 | AH10: 0 | AI10: 0
A11: Ancash | B11: 19-20 | C11: 57823 | D11: 9401 | E11: 11975 | F11: 8722 | G11: 6090 | H11: 4833 | I11: 153 | J11: 64 | K11: 0 | L11: 0 | M11: Ancash | N11: 19-20 | O11: 170 | P11: 174 | Q11: 182 | R11: 41 | S11: 179 | T11: 8577 | U11: 154 | V11: 1498 | W11: 264 | X11: 510 | Y11: Ancash | Z11: 19-20 | AA11: 363 | AB11: 651 | AC11: 60 | AD11: 1365 | AE11: 1581 | AF11: 681 | AG11: 0 | AH11: 0 | AI11: 135
B12: 20-21 | C12: 64089 | D12: 10659 | E12: 12753 | F12: 10416 | G12: 5946 | H12: 5783 | I12: 164 | J12: 111 | K12: 0 | L12: 0 | N12: 20-21 | O12: 293 | P12: 341 | Q12: 196 | R12: 59 | S12: 233 | T12: 8968 | U12: 236 | V12: 1759 | W12: 242 | X12: 682 | Z12: 20-21 | AA12: 568 | AB12: 471 | AC12: 22 | AD12: 1279 | AE12: 1801 | AF12: 528 | AG12: 0 | AH12: 0 | AI12: 579
A13: Apurimac | B13: 19-20 | C13: 86920.75 | D13: 5131.5 | E13: 1821 | F13: 28193.5 | G13: 0 | H13: 4495.5 | I13: 5190.1 | J13: 21 | K13: 0 | L13: 0 | M13: Apurimac | N13: 19-20 | O13: 115.5 | P13: 241 | Q13: 312.5 | R13: 94.3 | S13: 160.45 | T13: 22553.3 | U13: 77.5 | V13: 86 | W13: 1384.1 | X13: 2592.7 | Y13: Apurimac | Z13: 19-20 | AA13: 0 | AB13: 4467.5 | AC13: 5 | AD13: 6334.1 | AE13: 2321.7 | AF13: 0 | AG13: 548.5 | AH13: 774 | AI13: 0
B14: 20-21 | C14: 88453.05 | D14: 5117 | E14: 1970 | F14: 26460 | G14: 0 | H14: 4612 | I14: 6267.5 | J14: 14 | K14: 0 | L14: 0 | N14: 20-21 | O14: 86 | P14: 152 | Q14: 238.5 | R14: 112.7 | S14: 144.9 | T14: 23808.95 | U14: 81 | V14: 96 | W14: 1307 | X14: 2810 | Z14: 20-21 | AA14: 0 | AB14: 4512 | AC14: 6 | AD14: 6280.5 | AE14: 2383 | AF14: 0 | AG14: 1173 | AH14: 821 | AI14: 0
A15: Arequipa | B15: 19-20 | C15: 77952 | D15: 1844 | E15: 17 | F15: 4155 | G15: 21205 | H15: 281 | I15: 2127 | J15: 449 | K15: 0 | L15: 0 | M15: Arequipa | N15: 19-20 | O15: 671 | P15: 1086 | Q15: 1766 | R15: 3534 | S15: 8204 | T15: 8173 | U15: 25 | V15: 100 | W15: 19 | X15: 31 | Y15: Arequipa | Z15: 19-20 | AA15: 1373 | AB15: 3900 | AC15: 25 | AD15: 1368 | AE15: 1524 | AF15: 14934 | AG15: 502 | AH15: 459 | AI15: 180
B16: 20-21 | C16: 73916 | D16: 948 | E16: 262 | F16: 3063 | G16: 20718 | H16: 234 | I16: 1774 | J16: 444 | K16: 0 | L16: 0 | N16: 20-21 | O16: 819 | P16: 996 | Q16: 1684 | R16: 3949 | S16: 8106 | T16: 5873 | U16: 24 | V16: 77 | W16: 19 | X16: 27 | Z16: 20-21 | AA16: 1481 | AB16: 3495 | AC16: 30 | AD16: 1546 | AE16: 1481 | AF16: 15615 | AG16: 613 | AH16: 636 | AI16: 2
A17: Ayacucho | B17: 19-20 | C17: 112292 | D17: 8498 | E17: 957 | F17: 20828 | G17: 19 | H17: 11924 | I17: 14482 | J17: 19 | K17: 0 | L17: 0 | M17: Ayacucho | N17: 19-20 | O17: 64 | P17: 45 | Q17: 90 | R17: 411 | S17: 377 | T17: 26679 | U17: 797 | V17: 20 | W17: 1745 | X17: 2723 | Y17: Ayacucho | Z17: 19-20 | AA17: 0 | AB17: 1539 | AC17: 7 | AD17: 8434 | AE17: 6264 | AF17: 0 | AG17: 13 | AH17: 6357 | AI17: 0
B18: 20-21 | C18: 113361 | D18: 8642 | E18: 878 | F18: 20223 | G18: 9 | H18: 12027 | I18: 14880 | J18: 17 | K18: 0 | L18: 0 | N18: 20-21 | O18: 71 | P18: 55 | Q18: 188 | R18: 429 | S18: 366 | T18: 27790 | U18: 700 | V18: 22 | W18: 1704 | X18: 2657 | Z18: 20-21 | AA18: 0 | AB18: 1647 | AC18: 31 | AD18: 8385 | AE18: 5998 | AF18: 0 | AG18: 8 | AH18: 6634 | AI18: 0
A19: Cajamarca | B19: 19-20 | C19: 202773.05 | D19: 21821 | E19: 16555.5 | F19: 46566.5 | G19: 18406.5 | H19: 9141 | I19: 474 | J19: 13 | K19: 0 | L19: 0 | M19: Cajamarca | N19: 19-20 | O19: 263.5 | P19: 859.75 | Q19: 558.35 | R19: 941.5 | S19: 193.6 | T19: 25909.1 | U19: 6579.5 | V19: 1097 | W19: 1190 | X19: 2966 | Y19: Cajamarca | Z19: 19-20 | AA19: 4 | AB19: 18656 | AC19: 0 | AD19: 5187.5 | AE19: 24364.75 | AF19: 250 | AG19: 0 | AH19: 775 | AI19: 0
B20: 20-21 | C20: 213982.9 | D20: 24349.5 | E20: 17456 | F20: 47081.5 | G20: 21761.3 | H20: 9000.75 | I20: 649 | J20: 22 | K20: 0 | L20: 0 | N20: 20-21 | O20: 176 | P20: 729.5 | Q20: 610 | R20: 1386 | S20: 204.6 | T20: 28038.3 | U20: 7379.95 | V20: 984 | W20: 728 | X20: 2647.5 | Z20: 20-21 | AA20: 0 | AB20: 18964 | AC20: 0 | AD20: 5626.5 | AE20: 24753.5 | AF20: 341 | AG20: 0 | AH20: 1094 | AI20: 0
A21: Callao | B21: 19-20 | C21: 0 | D21: 0 | E21: 0 | F21: 0 | G21: 0 | H21: 0 | I21: 0 | J21: 0 | K21: 0 | L21: 0 | M21: Callao | N21: 19-20 | O21: 0 | P21: 0 | Q21: 0 | R21: 0 | S21: 0 | T21: 0 | U21: 0 | V21: 0 | W21: 0 | X21: 0 | Y21: Callao | Z21: 19-20 | AA21: 0 | AB21: 0 | AC21: 0 | AD21: 0 | AE21: 0 | AF21: 0 | AG21: 0 | AH21: 0 | AI21: 0
B22: 20-21 | C22: 0 | D22: 0 | E22: 0 | F22: 0 | G22: 0 | H22: 0 | I22: 0 | J22: 0 | K22: 0 | L22: 0 | N22: 20-21 | O22: 0 | P22: 0 | Q22: 0 | R22: 0 | S22: 0 | T22: 0 | U22: 0 | V22: 0 | W22: 0 | X22: 0 | Z22: 20-21 | AA22: 0 | AB22: 0 | AC22: 0 | AD22: 0 | AE22: 0 | AF22: 0 | AG22: 0 | AH22: 0 | AI22: 0
A23: Cusco | B23: 19-20 | C23: 123881.01 | D23: 8047 | E23: 3689 | F23: 27020 | G23: 1153 | H23: 13117 | I23: 2929 | J23: 0 | K23: 0 | L23: 0 | M23: Cusco | N23: 19-20 | O23: 46 | P23: 200 | Q23: 534 | R23: 0 | S23: 367 | T23: 30437 | U23: 3892 | V23: 54 | W23: 1641 | X23: 3560 | Y23: Cusco | Z23: 19-20 | AA23: 0 | AB23: 1636 | AC23: 0 | AD23: 10171 | AE23: 2706 | AF23: 0 | AG23: 1016 | AH23: 11666.01 | AI23: 0
B24: 20-21 | C24: 126260.01 | D24: 8128.01 | E24: 2777 | F24: 28298 | G24: 1036 | H24: 13160 | I24: 4499 | J24: 0 | K24: 0 | L24: 0 | N24: 20-21 | O24: 61 | P24: 168 | Q24: 712 | R24: 0 | S24: 501 | T24: 30012 | U24: 2718 | V24: 71 | W24: 1644 | X24: 3456 | Z24: 20-21 | AA24: 0 | AB24: 2029 | AC24: 0 | AD24: 10124 | AE24: 2514 | AF24: 0 | AG24: 1263 | AH24: 13089 | AI24: 0
A25: Huancavelica | B25: 19-20 | C25: 99036 | D25: 4361 | E25: 202 | F25: 21349 | G25: 0 | H25: 14860 | I25: 1651 | J25: 0 | K25: 0 | L25: 0 | M25: Huancavelica | N25: 19-20 | O25: 30 | P25: 260 | Q25: 32 | R25: 100 | S25: 8 | T25: 26290 | U25: 0 | V25: 16 | W25: 496 | X25: 2700 | Y25: Huancavelica | Z25: 19-20 | AA25: 0 | AB25: 7251 | AC25: 0 | AD25: 8384 | AE25: 9529 | AF25: 0 | AG25: 0 | AH25: 1517 | AI25: 0
B26: 20-21 | C26: 96543 | D26: 4262 | E26: 521 | F26: 21327 | G26: 0 | H26: 15030 | I26: 1574 | J26: 0 | K26: 0 | L26: 0 | N26: 20-21 | O26: 43 | P26: 440 | Q26: 88 | R26: 145 | S26: 100 | T26: 24091 | U26: 0 | V26: 16 | W26: 607 | X26: 2415 | Z26: 20-21 | AA26: 0 | AB26: 6772 | AC26: 4 | AD26: 8424 | AE26: 8890 | AF26: 0 | AG26: 19 | AH26: 1775 | AI26: 0
A27: Huánuco | B27: 19-20 | C27: 109101.5 | D27: 7898 | E27: 11144 | F27: 14681 | G27: 6645 | H27: 6218.5 | I27: 641 | J27: 80 | K27: 0 | L27: 0 | M27: Huánuco | N27: 19-20 | O27: 52 | P27: 609 | Q27: 139.5 | R27: 36.5 | S27: 83.5 | T27: 41984 | U27: 3970.5 | V27: 248 | W27: 642 | X27: 1702 | Y27: Huánuco | Z27: 19-20 | AA27: 0 | AB27: 3771.75 | AC27: 0 | AD27: 3725.75 | AE27: 3228 | AF27: 326.5 | AG27: 0 | AH27: 1275 | AI27: 0
B28: 20-21 | C28: 106961.25 | D28: 8156 | E28: 9244.5 | F28: 14237 | G28: 5917 | H28: 6209 | I28: 732 | J28: 77.5 | K28: 0 | L28: 0 | N28: 20-21 | O28: 60 | P28: 815.25 | Q28: 171.75 | R28: 37 | S28: 87.5 | T28: 41833.75 | U28: 4017 | V28: 241.25 | W28: 626.75 | X28: 1746.75 | Z28: 20-21 | AA28: 0 | AB28: 3849 | AC28: 0 | AD28: 3807.75 | AE28: 3388 | AF28: 339.5 | AG28: 57.5 | AH28: 1309.5 | AI28: 0
A29: Ica | B29: 19-20 | C29: 30971.25 | D29: 23 | E29: 14928.5 | F29: 1190.5 | G29: 0 | H29: 38 | I29: 2 | J29: 283 | K29: 0 | L29: 20.5 | M29: Ica | N29: 19-20 | O29: 899.5 | P29: 470.75 | Q29: 8 | R29: 1 | S29: 1449 | T29: 3297 | U29: 480.5 | V29: 984.5 | W29: 11 | X29: 0 | Y29: Ica | Z29: 19-20 | AA29: 231.5 | AB29: 224.5 | AC29: 3010.5 | AD29: 92 | AE29: 115 | AF29: 0 | AG29: 0 | AH29: 0 | AI29: 3211
B30: 20-21 | C30: 36682.5 | D30: 15 | E30: 20284 | F30: 1512.5 | G30: 0 | H30: 36 | I30: 5 | J30: 302 | K30: 0 | L30: 24 | N30: 20-21 | O30: 991 | P30: 895.5 | Q30: 2 | R30: 0 | S30: 1598 | T30: 3445.5 | U30: 364 | V30: 972 | W30: 0 | X30: 4 | Z30: 20-21 | AA30: 430.5 | AB30: 371 | AC30: 2764 | AD30: 0 | AE30: 97.5 | AF30: 0 | AG30: 0 | AH30: 0 | AI30: 2569
A31: Junín | B31: 19-20 | C31: 93032 | D31: 3053 | E31: 5979 | F31: 15065 | G31: 624 | H31: 8750 | I31: 2222 | J31: 203 | K31: 0 | L31: 0 | M31: Junín | N31: 19-20 | O31: 5 | P31: 189 | Q31: 984 | R31: 469 | S31: 178 | T31: 24277 | U31: 8679 | V31: 0 | W31: 574 | X31: 2495 | Y31: Junín | Z31: 19-20 | AA31: 0 | AB31: 4310 | AC31: 0 | AD31: 4326 | AE31: 4906 | AF31: 0 | AG31: 456 | AH31: 5288 | AI31: 0
B32: 20-21 | C32: 90236 | D32: 2840 | E32: 6196 | F32: 13372 | G32: 528 | H32: 8941 | I32: 2495 | J32: 239 | K32: 0 | L32: 0 | N32: 20-21 | O32: 10 | P32: 193 | Q32: 948 | R32: 478 | S32: 152 | T32: 22905 | U32: 8843 | V32: 0 | W32: 570 | X32: 2359 | Z32: 20-21 | AA32: 0 | AB32: 3906 | AC32: 0 | AD32: 4027 | AE32: 4573 | AF32: 0 | AG32: 1076 | AH32: 5585 | AI32: 0
A33: La Libertad | B33: 19-20 | C33: 169721.2 | D33: 29721 | E33: 12794.7 | F33: 15447 | G33: 31425 | H33: 26307 | I33: 972 | J33: 225.5 | K33: 0 | L33: 382 | M33: La Libertad | N33: 19-20 | O33: 168.5 | P33: 498 | Q33: 404.5 | R33: 181 | S33: 572 | T33: 24655 | U33: 1152 | V33: 309 | W33: 962 | X33: 1482 | Y33: La Libertad | Z33: 19-20 | AA33: 87.5 | AB33: 2404 | AC33: 28 | AD33: 5081 | AE33: 10259.5 | AF33: 2608.5 | AG33: 90 | AH33: 1504.5 | AI33: 0
B34: 20-21 | C34: 167518.6 | D34: 30670 | E34: 12263.1 | F34: 15465 | G34: 26723 | H34: 27352.5 | I34: 1018.5 | J34: 180 | K34: 15 | L34: 62 | N34: 20-21 | O34: 213 | P34: 478 | Q34: 435 | R34: 183 | S34: 668 | T34: 25343.5 | U34: 1068.5 | V34: 333 | W34: 924.5 | X34: 1623 | Z34: 20-21 | AA34: 48 | AB34: 2456 | AC34: 0 | AD34: 5186.5 | AE34: 10396 | AF34: 2830.5 | AG34: 72 | AH34: 1511 | AI34: 0
A35: Lambayeque | B35: 19-20 | C35: 80101 | D35: 1363 | E35: 11794 | F35: 4652 | G35: 50155 | H35: 80 | I35: 15 | J35: 30 | K35: 307 | L35: 415 | M35: Lambayeque | N35: 19-20 | O35: 173 | P35: 53 | Q35: 73 | R35: 0 | S35: 487 | T35: 590 | U35: 785 | V35: 2029 | W35: 80 | X35: 227 | Y35: Lambayeque | Z35: 19-20 | AA35: 150 | AB35: 328 | AC35: 2539 | AD35: 335 | AE35: 1200 | AF35: 1511 | AG35: 0 | AH35: 0 | AI35: 730
B36: 20-21 | C36: 74540 | D36: 1110 | E36: 13681 | F36: 2575 | G36: 50186 | H36: 60 | I36: 0 | J36: 0 | K36: 10 | L36: 7 | N36: 20-21 | O36: 74 | P36: 38 | Q36: 57 | R36: 0 | S36: 219 | T36: 567 | U36: 551 | V36: 1446 | W36: 0 | X36: 380 | Z36: 20-21 | AA36: 7 | AB36: 496 | AC36: 374 | AD36: 155 | AE36: 826 | AF36: 1368 | AG36: 0 | AH36: 0 | AI36: 353
A37: Lima | B37: 19-20 | C37: 44547.1 | D37: 199.3 | E37: 12519 | F37: 2526.8 | G37: 0 | H37: 151.5 | I37: 6 | J37: 706.5 | K37: 2 | L37: 412 | M37: Lima | N37: 19-20 | O37: 754.5 | P37: 357.5 | Q37: 1417 | R37: 941.5 | S37: 559.5 | T37: 3959.25 | U37: 843 | V37: 5150 | W37: 62.4 | X37: 179.85 | Y37: Lima | Z37: 19-20 | AA37: 1516 | AB37: 1341 | AC37: 256 | AD37: 499 | AE37: 639.5 | AF37: 9162 | AG37: 0 | AH37: 3 | AI37: 383
B38: 20-21 | C38: 48022.9 | D38: 193 | E38: 15342 | F38: 2644.5 | G38: 1 | H38: 178.5 | I38: 0 | J38: 693.5 | K38: 0 | L38: 546.5 | N38: 20-21 | O38: 902 | P38: 371.5 | Q38: 1800.2 | R38: 1155.5 | S38: 624 | T38: 4999 | U38: 716 | V38: 3123.5 | W38: 55 | X38: 194.7 | Z38: 20-21 | AA38: 1438 | AB38: 1334 | AC38: 231.5 | AD38: 558.3 | AE38: 635.2 | AF38: 10101.5 | AG38: 0 | AH38: 0 | AI38: 184
A39: Lima Metropolitana | B39: 19-20 | C39: 2027 | D39: 0 | E39: 7 | F39: 57 | G39: 0 | H39: 4 | I39: 1 | J39: 216 | K39: 0 | L39: 94 | M39: Lima Metropolitana | N39: 19-20 | O39: 60 | P39: 15 | Q39: 1 | R39: 20 | S39: 175 | T39: 51 | U39: 17 | V39: 195 | W39: 0 | X39: 0 | Y39: Lima Metropolitana | Z39: 19-20 | AA39: 0 | AB39: 51 | AC39: 0 | AD39: 0 | AE39: 24 | AF39: 1036 | AG39: 0 | AH39: 0 | AI39: 3
B40: 20-21 | C40: 2071 | D40: 2 | E40: 21 | F40: 42 | G40: 0 | H40: 5 | I40: 3 | J40: 238 | K40: 0 | L40: 58 | N40: 20-21 | O40: 58 | P40: 26 | Q40: 11 | R40: 18 | S40: 154 | T40: 38 | U40: 15 | V40: 259 | W40: 0 | X40: 0 | Z40: 20-21 | AA40: 0 | AB40: 30 | AC40: 0 | AD40: 1 | AE40: 35 | AF40: 1054 | AG40: 0 | AH40: 0 | AI40: 3
A41: Loreto | B41: 19-20 | C41: 107685 | D41: 0 | E41: 33733 | F41: 0 | G41: 27085 | H41: 0 | I41: 0 | J41: 361 | K41: 0 | L41: 0 | M41: Loreto | N41: 19-20 | O41: 221 | P41: 178 | Q41: 0 | R41: 0 | S41: 0 | T41: 0 | U41: 42735 | V41: 0 | W41: 0 | X41: 0 | Y41: Loreto | Z41: 19-20 | AA41: 0 | AB41: 3372 | AC41: 0 | AD41: 0 | AE41: 0 | AF41: 0 | AG41: 0 | AH41: 0 | AI41: 0
B42: 20-21 | C42: 109751 | D42: 0 | E42: 33682 | F42: 0 | G42: 27855 | H42: 0 | I42: 0 | J42: 357 | K42: 0 | L42: 0 | N42: 20-21 | O42: 253 | P42: 196 | Q42: 0 | R42: 0 | S42: 0 | T42: 0 | U42: 43964 | V42: 0 | W42: 0 | X42: 0 | Z42: 20-21 | AA42: 0 | AB42: 3444 | AC42: 0 | AD42: 0 | AE42: 0 | AF42: 0 | AG42: 0 | AH42: 0 | AI42: 0
A43: Madre de Dios | B43: 19-20 | C43: 10084.5 | D43: 0 | E43: 6768 | F43: 0 | G43: 1989 | H43: 0 | I43: 0 | J43: 0 | K43: 0 | L43: 0 | M43: Madre de Dios | N43: 19-20 | O43: 0 | P43: 0.5 | Q43: 0 | R43: 0 | S43: 0 | T43: 0 | U43: 1139 | V43: 58 | W43: 0 | X43: 0 | Y43: Madre de Dios | Z43: 19-20 | AA43: 0 | AB43: 130 | AC43: 0 | AD43: 0 | AE43: 0 | AF43: 0 | AG43: 0 | AH43: 0 | AI43: 0
B44: 20-21 | C44: 11806.5 | D44: 0 | E44: 7395 | F44: 0 | G44: 2416 | H44: 0 | I44: 0 | J44: 0 | K44: 0 | L44: 0 | N44: 20-21 | O44: 1 | P44: 1 | Q44: 0 | R44: 0 | S44: 0 | T44: 0 | U44: 1824 | V44: 72.5 | W44: 0 | X44: 0 | Z44: 20-21 | AA44: 0 | AB44: 97 | AC44: 0 | AD44: 0 | AE44: 0 | AF44: 0 | AG44: 0 | AH44: 0 | AI44: 0
A45: Moquegua | B45: 19-20 | C45: 1910 | D45: 49 | E45: 60 | F45: 649 | G45: 0 | H45: 107 | I45: 31 | J45: 1 | K45: 0 | L45: 0 | M45: Moquegua | N45: 19-20 | O45: 6 | P45: 59 | Q45: 13 | R45: 8 | S45: 55 | T45: 532 | U45: 0 | V45: 1 | W45: 20 | X45: 10 | Y45: Moquegua | Z45: 19-20 | AA45: 0 | AB45: 5 | AC45: 0 | AD45: 214 | AE45: 22 | AF45: 54 | AG45: 0 | AH45: 14 | AI45: 0
B46: 20-21 | C46: 2278 | D46: 67 | E46: 60 | F46: 713 | G46: 0 | H46: 165 | I46: 31 | J46: 2 | K46: 0 | L46: 0 | N46: 20-21 | O46: 5 | P46: 69 | Q46: 13 | R46: 20 | S46: 79 | T46: 605 | U46: 0 | V46: 2 | W46: 21 | X46: 10 | Z46: 20-21 | AA46: 3 | AB46: 7 | AC46: 0 | AD46: 207 | AE46: 46 | AF46: 99 | AG46: 0 | AH46: 54 | AI46: 0
A47: Pasco | B47: 19-20 | C47: 23429.09 | D47: 160 | E47: 3020 | F47: 2316.33 | G47: 1053 | H47: 139 | I47: 0 | J47: 265 | K47: 0 | L47: 0 | M47: Pasco | N47: 19-20 | O47: 0 | P47: 501 | Q47: 43 | R47: 8 | S47: 0 | T47: 8746.76 | U47: 3741 | V47: 0 | W47: 530 | X47: 675 | Y47: Pasco | Z47: 19-20 | AA47: 0 | AB47: 540 | AC47: 0 | AD47: 750 | AE47: 812 | AF47: 0 | AG47: 0 | AH47: 129 | AI47: 0
B48: 20-21 | C48: 26084.5 | D48: 182 | E48: 3484 | F48: 2538 | G48: 1128 | H48: 160 | I48: 0 | J48: 313 | K48: 0 | L48: 0 | N48: 20-21 | O48: 0 | P48: 521 | Q48: 52 | R48: 8 | S48: 0 | T48: 9610.5 | U48: 4005 | V48: 0 | W48: 674 | X48: 825 | Z48: 20-21 | AA48: 0 | AB48: 565 | AC48: 0 | AD48: 944 | AE48: 937 | AF48: 0 | AG48: 0 | AH48: 138 | AI48: 0
A49: Piura | B49: 19-20 | C49: 107208 | D49: 10130 | E49: 11854 | F49: 14738 | G49: 53296 | H49: 392 | I49: 2 | J49: 0 | K49: 187 | L49: 0 | M49: Piura | N49: 19-20 | O49: 87 | P49: 0 | Q49: 145 | R49: 101 | S49: 196 | T49: 2406 | U49: 1177 | V49: 844 | W49: 492 | X49: 373 | Y49: Piura | Z49: 19-20 | AA49: 990 | AB49: 4005 | AC49: 0 | AD49: 493 | AE49: 4782 | AF49: 0 | AG49: 0 | AH49: 0 | AI49: 518
B50: 20-21 | C50: 112833 | D50: 10375 | E50: 16293 | F50: 14697 | G50: 52907 | H50: 397 | I50: 0 | J50: 0 | K50: 868 | L50: 0 | N50: 20-21 | O50: 88 | P50: 40 | Q50: 154 | R50: 75 | S50: 207 | T50: 2117 | U50: 868 | V50: 595 | W50: 469 | X50: 409 | Z50: 20-21 | AA50: 683 | AB50: 5377 | AC50: 0 | AD50: 651 | AE50: 4958 | AF50: 0 | AG50: 0 | AH50: 0 | AI50: 605
A51: Puno | B51: 19-20 | C51: 244278 | D51: 1363 | E51: 2659 | F51: 4056 | G51: 84 | H51: 24790 | I51: 36134 | J51: 0 | K51: 0 | L51: 0 | M51: Puno | N51: 19-20 | O51: 0 | P51: 112 | Q51: 20 | R51: 0 | S51: 395 | T51: 60864 | U51: 2259 | V51: 244 | W51: 3571 | X51: 2807 | Y51: Puno | Z51: 19-20 | AA51: 0 | AB51: 571 | AC51: 0 | AD51: 10622 | AE51: 1075 | AF51: 0 | AG51: 16506 | AH51: 76146 | AI51: 0
B52: 20-21 | C52: 242509 | D52: 1353 | E52: 2555 | F52: 3914 | G52: 80 | H52: 23849 | I52: 36868 | J52: 0 | K52: 0 | L52: 0 | N52: 20-21 | O52: 0 | P52: 108 | Q52: 19 | R52: 0 | S52: 379 | T52: 61181 | U52: 2223 | V52: 238 | W52: 3505 | X52: 2832 | Z52: 20-21 | AA52: 0 | AB52: 550 | AC52: 0 | AD52: 10500 | AE52: 1051 | AF52: 0 | AG52: 14421 | AH52: 76883 | AI52: 0
A53: San MartÍn | B53: 19-20 | C53: 154976 | D53: 0 | E53: 44893 | F53: 0 | G53: 102045 | H53: 0 | I53: 0 | J53: 6 | K53: 0 | L53: 0 | M53: San Martín | N53: 19-20 | O53: 214 | P53: 0 | Q53: 0 | R53: 0 | S53: 0 | T53: 0 | U53: 5286.25 | V53: 0 | W53: 0 | X53: 0 | Y53: San Martín | Z53: 19-20 | AA53: 0 | AB53: 2531.75 | AC53: 0 | AD53: 0 | AE53: 0 | AF53: 0 | AG53: 0 | AH53: 0 | AI53: 0
B54: 20-21 | C54: 151148.1 | D54: 0 | E54: 44133.6 | F54: 0 | G54: 98147.5 | H54: 0 | I54: 0 | J54: 20 | K54: 0 | L54: 0 | N54: 20-21 | O54: 194 | P54: 0 | Q54: 0 | R54: 0 | S54: 0 | T54: 0 | U54: 5565 | V54: 0 | W54: 0 | X54: 0 | Z54: 20-21 | AA54: 0 | AB54: 3071 | AC54: 0 | AD54: 0 | AE54: 0 | AF54: 0 | AG54: 0 | AH54: 0 | AI54: 17
A55: Tacna | B55: 19-20 | C55: 6113 | D55: 0 | E55: 0 | F55: 740 | G55: 0 | H55: 0 | I55: 433 | J55: 786 | K55: 0 | L55: 84 | M55: Tacna | N55: 19-20 | O55: 185 | P55: 352 | Q55: 0 | R55: 17 | S55: 353 | T55: 375 | U55: 0 | V55: 207 | W55: 0 | X55: 0 | Y55: Tacna | Z55: 19-20 | AA55: 13 | AB55: 0 | AC55: 0 | AD55: 75 | AE55: 19 | AF55: 2474 | AG55: 0 | AH55: 0 | AI55: 0
B56: 20-21 | C56: 6337 | D56: 0 | E56: 0 | F56: 800 | G56: 0 | H56: 0 | I56: 356 | J56: 1044 | K56: 0 | L56: 130 | N56: 20-21 | O56: 215 | P56: 386 | Q56: 0 | R56: 16 | S56: 338 | T56: 453 | U56: 0 | V56: 254 | W56: 0 | X56: 0 | Z56: 20-21 | AA56: 19 | AB56: 0 | AC56: 0 | AD56: 99 | AE56: 31 | AF56: 2196 | AG56: 0 | AH56: 0 | AI56: 0
A57: Tumbes | B57: 19-20 | C57: 12369.15 | D57: 0 | E57: 545.05 | F57: 0 | G57: 11600.4 | H57: 0 | I57: 0 | J57: 1.65 | K57: 0 | L57: 13.7 | M57: Tumbes | N57: 19-20 | O57: 1.85 | P57: 6.6 | Q57: 0 | R57: 0 | S57: 1.7 | T57: 0 | U57: 196.15 | V57: 2.05 | W57: 0 | X57: 0 | Y57: Tumbes | Z57: 19-20 | AA57: 0 | AB57: 0 | AC57: 0 | AD57: 0 | AE57: 0 | AF57: 0 | AG57: 0 | AH57: 0 | AI57: 0
B58: 20-21 | C58: 15873 | D58: 0 | E58: 986.15 | F58: 0 | G58: 14500.1 | H58: 0 | I58: 0 | J58: 1.75 | K58: 0 | L58: 10.3 | N58: 20-21 | O58: 4.55 | P58: 11.3 | Q58: 0 | R58: 0 | S58: 0 | T58: 0 | U58: 351.9 | V58: 5.95 | W58: 0 | X58: 0 | Z58: 20-21 | AA58: 0 | AB58: 1 | AC58: 0 | AD58: 0 | AE58: 0 | AF58: 0 | AG58: 0 | AH58: 0 | AI58: 0
A59: Ucayali | B59: 19-20 | C59: 31956.25 | D59: 0 | E59: 9925 | F59: 0 | G59: 13936 | H59: 0 | I59: 0 | J59: 0 | K59: 0 | L59: 0 | M59: Ucayali | N59: 19-20 | O59: 62 | P59: 17 | Q59: 0 | R59: 0 | S59: 0 | T59: 0 | U59: 7294 | V59: 71 | W59: 0 | X59: 0 | Y59: Ucayali | Z59: 19-20 | AA59: 0 | AB59: 581 | AC59: 0 | AD59: 0 | AE59: 0 | AF59: 0 | AG59: 0 | AH59: 0 | AI59: 70.25
B60: 20-21 | C60: 26683 | D60: 0 | E60: 6725 | F60: 0 | G60: 11578 | H60: 0 | I60: 0 | J60: 10 | K60: 0 | L60: 0 | N60: 20-21 | O60: 43 | P60: 11 | Q60: 0 | R60: 0 | S60: 0 | T60: 0 | U60: 7177 | V60: 69 | W60: 0 | X60: 0 | Z60: 20-21 | AA60: 0 | AB60: 703 | AC60: 0 | AD60: 0 | AE60: 0 | AF60: 0 | AG60: 0 | AH60: 0 | AI60: 367
L61: sigue… | X61: sigue… | Y61: p/ Preliminar
Y62: Fuente: Direcciones Regionales de Agricultura
Y63: Elaboración: MIDAGRI-DGESEP (DEIA)

Sheet c-14
A1: C.14 PERÚ: SUPERFICIE SEMBRADA DE PRINCIPALES CULTIVOS TRANSITORIOS POR REGIÓN, SEGÚN MES
A2: CAMPAÑA AGRÍCOLA: AGOSTO-JUNIO 2019-2020/2020_2021
A3: (Hectárea)
A5: Región | B5: Campaña Agrícola | C5: Ago-Jun | D5: Ago | E5: Set | F5: Oct | G5: Nov | H5: Dic | I5: Ene | J5: Feb | K5: Mar | L5: Abr | M5: May | N5: Jun | O5: Jul | P5: Ago-Jul
A6: Nacional | B6: 19-20p/ | C6: 2080195.6 | D6: 149476.5 | E6: 226518.65 | F6: 397664.41 | G6: 371736.3 | H6: 256899.85 | I6: 177004.05 | J6: 151871.3 | K6: 102249.55 | L6: 78055.1 | M6: 78197.05 | N6: 90522.79 | O6: 92098.539 | P6: 2194096.5
B7: 20-21p/ | C7: 2091901.2 | D7: 153046.45 | E7: 232428.51 | F7: 394098.55 | G7: 303656.15 | H7: 281940.25 | I7: 186419.35 | J7: 192554.8 | K7: 118130.85 | L7: 74246.95 | M7: 72004.55 | N7: 83374.8
A8: Amazonas | B8: 19-20 | C8: 90007.7 | D8: 5362 | E8: 7180 | F8: 7901 | G8: 11154.5 | H8: 15078.5 | I8: 7602 | J8: 8310 | K8: 7526.5 | L8: 6525.5 | M8: 6950.3 | N8: 6417.4 | O8: 4168.3 | P8: 94535.9
B9: 20-21 | C9: 83960.902 | D9: 8488 | E9: 7963.7 | F9: 10227.2 | G9: 9979 | H9: 11138.5 | I9: 4875.5 | J9: 7586.5 | K9: 7047.002 | L9: 6896 | M9: 5739 | N9: 4020.5
A10: Ancash | B10: 19-20 | C10: 57823 | D10: 3884 | E10: 3914 | F10: 8344 | G10: 7985 | H10: 9983 | I10: 10268 | J10: 4332 | K10: 1192 | L10: 1052 | M10: 2940 | N10: 3929 | O10: 3731 | P10: 61554
B11: 20-21 | C11: 64089 | D11: 3519 | E11: 4737 | F11: 8202 | G11: 9876 | H11: 10134 | I11: 10860 | J11: 6266 | K11: 1928 | L11: 2142 | M11: 3006 | N11: 3419
A12: Apurimac | B12: 19-20 | C12: 86920.75 | D12: 2100.5 | E12: 8127.6 | F12: 31118.7 | G12: 25140.05 | H12: 12826.2 | I12: 6561.7 | J12: 279 | K12: 87 | L12: 197 | M12: 213 | N12: 270 | O12: 787 | P12: 112628.25
B13: 20-21 | C13: 88453.05 | D13: 2109.4 | E13: 8374.45 | F13: 36105.3 | G13: 13071.8 | H13: 20459.5 | I13: 6941.2 | J13: 782.9 | K13: 70 | L13: 27 | M13: 38 | N13: 473.5
A14: Arequipa | B14: 19-20 | C14: 77952 | D14: 4258 | E14: 6629 | F14: 10200 | G14: 9506 | H14: 8688 | I14: 5545 | J14: 4108 | K14: 9050 | L14: 6666 | M14: 6250 | N14: 7052 | O14: 4452 | P14: 82386
B15: 20-21 | C15: 73916 | D15: 4364 | E15: 7994 | F15: 11815 | G15: 9760 | H15: 6356 | I15: 6487 | J15: 4607 | K15: 7723 | L15: 6377 | M15: 3860 | N15: 4573
A16: Ayacucho | B16: 19-20 | C16: 112292 | D16: 3461 | E16: 10559 | F16: 27749 | G16: 40227 | H16: 23884 | I16: 4819 | J16: 356 | K16: 10 | L16: 73 | M16: 137 | N16: 1017 | O16: 1402 | P16: 113680
B17: 20-21 | C17: 113361 | D17: 5580 | E17: 11404 | F17: 28669 | G17: 28022 | H17: 29664 | I17: 8525 | J17: 332 | K17: 143 | L17: 106 | M17: 255 | N17: 661
A18: Cajamarca | B18: 19-20 | C18: 202773.05 | D18: 4127 | E18: 12327.5 | F18: 40372.6 | G18: 37066 | H18: 24047.7 | I18: 20813.05 | J18: 20844.2 | K18: 14267.5 | L18: 12755.1 | M18: 8696 | N18: 7456.4 | O18: 6794.5 | P18: 210623.55
B19: 20-21 | C19: 213982.9 | D19: 5749 | E19: 17165 | F19: 36271.3 | G19: 35918.5 | H19: 28679.4 | I19: 20416.3 | J19: 21418.55 | K19: 19835 | L19: 12029.05 | M19: 9324.9 | N19: 7175.9
A20: Callao | B20: 19-20 | C20: 0 | D20: 0 | E20: 0 | F20: 0 | G20: 0 | H20: 0 | I20: 0 | J20: 0 | K20: 0 | L20: 0 | M20: 0 | N20: 0 | O20: 0 | P20: 0
B21: 20-21 | C21: 0 | D21: 0 | E21: 0 | F21: 0 | G21: 0 | H21: 0 | I21: 0 | J21: 0 | K21: 0 | L21: 0 | M21: 0 | N21: 0
A22: Cusco | B22: 19-20 | C22: 123881.01 | D22: 15563 | E22: 22174 | F22: 32398.01 | G22: 33402 | H22: 16484 | I22: 2873 | J22: 224 | K22: 126 | L22: 113 | M22: 143 | N22: 381 | O22: 1061 | P22: 123929.01
B23: 20-21 | C23: 126260.01 | D23: 14023 | E23: 23681.01 | F23: 35106 | G23: 33537 | H23: 15465 | I23: 3389 | J23: 172 | K23: 176 | L23: 192 | M23: 164 | N23: 355
A24: Huancavelica | B24: 19-20 | C24: 99036 | D24: 3849 | E24: 11164 | F24: 27139 | G24: 33176 | H24: 16273 | I24: 3458 | J24: 944 | K24: 537 | L24: 744 | M24: 926 | N24: 826 | O24: 624 | P24: 99616
B25: 20-21 | C25: 96543 | D25: 2495 | E25: 7351 | F25: 24718 | G25: 26797 | H25: 25335 | I25: 5771 | J25: 1075 | K25: 390 | L25: 1076 | M25: 1201 | N25: 334
A26: Huánuco | B26: 19-20 | C26: 109101.5 | D26: 8576 | E26: 16010.75 | F26: 21106 | G26: 14863 | H26: 10359 | I26: 9300.5 | J26: 2717.5 | K26: 2486.25 | L26: 4822 | M26: 9330.25 | N26: 9530.25 | O26: 6317.5 | P26: 115362
B27: 20-21 | C27: 106961.25 | D27: 8213.75 | E27: 16615 | F27: 19055.5 | G27: 12201.5 | H27: 12795.75 | I27: 9933.75 | J27: 2980.25 | K27: 2767 | L27: 4636 | M27: 8280.5 | N27: 9482.25
A28: Ica | B28: 19-20 | C28: 30971.25 | D28: 2256.5 | E28: 2800.25 | F28: 1514 | G28: 1372 | H28: 3665.5 | I28: 2831.5 | J28: 2751.5 | K28: 2683.5 | L28: 4173.5 | M28: 4415 | N28: 2508 | O28: 1749.5 | P28: 32702.75
B29: 20-21 | C29: 36682.5 | D29: 1413.5 | E29: 2814.5 | F29: 1852.5 | G29: 2634.5 | H29: 3625 | I29: 6464 | J29: 3752.5 | K29: 5158 | L29: 3341 | M29: 3291 | N29: 2336
A30: Junín | B30: 19-20 | C30: 93032 | D30: 8010 | E30: 16830 | F30: 26035 | G30: 22596 | H30: 9230 | I30: 1266 | J30: 530 | K30: 1485 | L30: 1805 | M30: 2311 | N30: 2934 | O30: 3690 | P30: 96697
B31: 20-21 | C31: 90236 | D31: 8399 | E31: 16724 | F31: 25799 | G31: 16054 | H31: 13342 | I31: 1699 | J31: 620 | K31: 1302 | L31: 1810 | M31: 1991 | N31: 2496
A32: La Libertad | B32: 19-20 | C32: 169721.2 | D32: 3422.7 | E32: 7638 | F32: 18059.5 | G32: 29711 | H32: 35801.5 | I32: 35147.5 | J32: 22231.5 | K32: 5799 | L32: 4363.5 | M32: 3147.5 | N32: 4399.5 | O32: 1946.5 | P32: 171616.7
B33: 20-21 | C33: 167518.6 | D33: 3602.5 | E33: 6299 | F33: 16200.1 | G33: 18210 | H33: 26999 | I33: 45000 | J33: 32605 | K33: 9966.5 | L33: 2521 | M33: 3186 | N33: 2929.5
O34: sigue… | P34: sigue
A35: continúa C.14
A36: Región | B36: Campaña Agrícola | C36: Ago-Jun | D36: Ago | E36: Set | F36: Oct | G36: Nov | H36: Dic | I36: Ene | J36: Feb | K36: Mar | L36: Abr | M36: May | N36: Jun | O36: Jul | P36: Ago-Jul
A37: Lambayeque | B37: 19-20 | C37: 80101 | D37: 3598 | E37: 4076 | F37: 1198 | G37: 3623 | H37: 1605 | I37: 24433 | J37: 25218 | K37: 3896 | L37: 3677 | M37: 3941 | N37: 4836 | O37: 3448 | P37: 83180
B38: 20-21 | C38: 74540 | D38: 2532 | E38: 3469 | F38: 1014 | G38: 2268 | H38: 2468 | I38: 9969 | J38: 35540 | K38: 8406 | L38: 4087 | M38: 866 | N38: 3921
A39: Lima | B39: 19-20 | C39: 44547.1 | D39: 5969.5 | E39: 4426.5 | F39: 4428 | G39: 3533.3 | H39: 3419 | I39: 5241.3 | J39: 3960 | K39: 2571 | L39: 3004 | M39: 3170.5 | N39: 4824 | O39: 4986.3 | P39: 49556.9
B40: 20-21 | C40: 48022.9 | D40: 5136.5 | E40: 5469 | F40: 3572.5 | G40: 2838 | H40: 2707.2 | I40: 4992 | J40: 6039.3 | K40: 4518.9 | L40: 3525 | M40: 3810 | N40: 5414.5
A41: Lima Metropolitana | B41: 19-20 | C41: 2027 | D41: 280 | E41: 236 | F41: 228 | G41: 116 | H41: 126 | I41: 198 | J41: 219 | K41: 150 | L41: 99 | M41: 181 | N41: 194 | O41: 124 | P41: 2151
B42: 20-21 | C42: 2071 | D42: 200 | E42: 253 | F42: 230 | G42: 64 | H42: 138 | I42: 234 | J42: 250 | K42: 211 | L42: 133 | M42: 170 | N42: 188
A43: Loreto | B43: 19-20 | C43: 107685 | D43: 20599 | E43: 17869 | F43: 13127 | G43: 7729 | H43: 6261 | I43: 4156 | J43: 4066 | K43: 2785 | L43: 4528 | M43: 8990 | N43: 17575 | O43: 24189 | P43: 129835
B44: 20-21 | C44: 109751 | D44: 21012 | E44: 17957 | F44: 13288 | G44: 7146 | H44: 6697 | I44: 4259 | J44: 4651 | K44: 2859 | L44: 4652 | M44: 9208 | N44: 18022
A45: Madre de Dios | B45: 19-20 | C45: 10084.5 | D45: 292.5 | E45: 2340.25 | F45: 4777.5 | G45: 1243.5 | H45: 191 | I45: 135 | J45: 144 | K45: 113.5 | L45: 319 | M45: 419.75 | N45: 108.5 | O45: 106.5 | P45: 10191
B46: 20-21 | C46: 11806.5 | D46: 453 | E46: 3490 | F46: 3851 | G46: 1735.5 | H46: 520.5 | I46: 226 | J46: 210.5 | K46: 186 | L46: 299 | M46: 519.5 | N46: 315.5
A47: Moquegua | B47: 19-20 | C47: 1910 | D47: 276 | E47: 681 | F47: 446 | G47: 110 | H47: 58 | I47: 109 | J47: 112 | K47: 16 | L47: 27 | M47: 20 | N47: 55 | O47: 9 | P47: 1913
B48: 20-21 | C48: 2278 | D48: 362 | E48: 668 | F48: 429 | G48: 216 | H48: 126 | I48: 215 | J48: 98 | K48: 52 | L48: 52 | M48: 24 | N48: 36
A49: Pasco | B49: 19-20 | C49: 23429.09 | D49: 3739 | E49: 6263.5 | F49: 5807 | G49: 2201.5 | H49: 287.5 | I49: 305 | J49: 680 | K49: 1100 | L49: 1091 | M49: 875.12 | N49: 1079.47 | O49: 1103.97 | P49: 24533.06
B50: 20-21 | C50: 26084.5 | D50: 5181 | E50: 7130.5 | F50: 6543 | G50: 1518 | H50: 437 | I50: 358 | J50: 515 | K50: 1225 | L50: 1113 | M50: 960 | N50: 1104
A51: Piura | B51: 19-20 | C51: 107208 | D51: 16195 | E51: 9701 | F51: 973 | G51: 3580 | H51: 3077 | I51: 14159 | J51: 22512 | K51: 26330 | L51: 7459 | M51: 2214 | N51: 1008 | O51: 4561 | P51: 111769
B52: 20-21 | C52: 112833 | D52: 19799 | E52: 2323 | F52: 2243 | G52: 988 | H52: 3933 | I52: 16445 | J52: 36300 | K52: 22103 | L52: 6454 | M52: 1306 | N52: 939
A53: Puno | B53: 19-20 | C53: 244278 | D53: 8089 | E53: 29944 | F53: 93813 | G53: 69062 | H53: 41280 | I53: 1230 | J53: 0 | K53: 0 | L53: 0 | M53: 0 | N53: 860 | O53: 1107 | P53: 245385
B54: 20-21 | C54: 242509 | D54: 8323 | E54: 34753 | F54: 90613 | G54: 58154 | H54: 47346 | I54: 2820 | J54: 0 | K54: 0 | L54: 0 | M54: 0 | N54: 500
A55: San Martín | B55: 19-20 | C55: 154976 | D55: 15742 | E55: 20310.5 | F55: 16409 | G55: 11024 | H55: 10639 | I55: 13356 | J55: 20070.75 | K55: 17477.5 | L55: 11006.75 | M55: 9101.5 | N55: 9839 | O55: 12569.5 | P55: 166642
B56: 20-21 | C56: 151148.1 | D56: 12357 | E56: 20375 | F56: 13410 | G56: 8465 | H56: 10806.1 | I56: 13411.5 | J56: 20195.5 | K56: 18670 | L56: 10205.5 | M56: 11488 | N56: 11764.5
A57: Tacna | B57: 19-20 | C57: 6113 | D57: 625 | E57: 842 | F57: 1033 | G57: 759 | H57: 439 | I57: 373 | J57: 358 | K57: 442 | L57: 502 | M57: 424 | N57: 316 | O57: 425 | P57: 6538
B58: 20-21 | C58: 6337 | D58: 686 | E58: 915 | F58: 985 | G58: 825 | H58: 456 | I58: 387 | J58: 341 | K58: 412 | L58: 564 | M58: 383 | N58: 383
A59: Tumbes | B59: 19-20 | C59: 12369.15 | D59: 5331.3 | E59: 263.8 | F59: 67.1 | G59: 76.45 | H59: 52.95 | I59: 727.5 | J59: 5069.85 | K59: 599.8 | L59: 47.25 | M59: 57.8 | N59: 75.35 | O59: 478.7 | P59: 12847.85
B60: 20-21 | C60: 15873 | D60: 6307.8 | E60: 522.35 | F60: 99.15 | G60: 73.35 | H60: 74.3 | I60: 1686.1 | J60: 5425.8 | K60: 1294.45 | L60: 125.4 | M60: 133.65 | N60: 130.65
A61: Ucayali | B61: 19-20 | C61: 31956.25 | D61: 3870.5 | E61: 4211 | F61: 3421 | G61: 2480 | H61: 3144 | I61: 2096 | J61: 1834 | K61: 1519 | L61: 3005.5 | M61: 3343.33 | N61: 3031.92 | O61: 2267.269 | P61: 34223.519
B62: 20-21 | C62: 26683 | D62: 2741 | E62: 3981 | F62: 3800 | G62: 3304 | H62: 2238 | I62: 1055 | J62: 791 | K62: 1688 | L62: 1884 | M62: 2800 | N62: 2401
A63: p/ Preliminar
A64: Fuente: Direcciones Regionales de Agricultura
A65: Elaboración: MIDAGRI-DGESEP (DEIA)

Sheet c-15
A1: C.15 PERÚ: SUPERFICIE SEMBRADA DE PRINCIPALES CULTIVOS TRANSITORIOS POR CULTIVO SEGÚN MES.
A2: CAMPAÑA AGRÍCOLA: AGOSTO-JUNIO 2019-2020/2020-2021
A3: (Hectárea)
A5: Cultivos | B5: Campaña Agrícola | C5: Ago-Jun | D5: Ago | E5: Set | F5: Oct | G5: Nov | H5: Dic | I5: Ene | J5: mar | K5: Mar | L5: Abr | M5: May | N5: Jun | O5: Jul
A6: Nacional | B6: 19-20p/ | C6: 2080195.6 | D6: 149476.5 | E6: 226518.65 | F6: 397664.41 | G6: 371736.3 | H6: 256899.85 | I6: 177004.05 | J6: 151871.3 | K6: 102249.55 | L6: 78055.1 | M6: 78197.05 | N6: 90522.79 | O6: 92098.539
B7: 20-21p/ | C7: 2091901.2 | D7: 153046.45 | E7: 232428.51 | F7: 394098.55 | G7: 303656.15 | H7: 281940.25 | I7: 186419.35 | J7: 192554.8 | K7: 118130.85 | L7: 74246.95 | M7: 72004.55 | N7: 83374.8
A8: Trigo | B8: 19-20 | C8: 113284.8 | D8: 12.5 | E8: 905 | F8: 6371 | G8: 11436 | H8: 24555.5 | I8: 31522.8 | J8: 20868.5 | K8: 10260.5 | L8: 5497 | M8: 911 | N8: 945 | O8: 127
B9: 20-21 | C9: 117315.01 | D9: 12 | E9: 996.01 | F9: 5346 | G9: 7896 | H9: 26146 | I9: 36005.5 | J9: 22261 | K9: 14620.5 | L9: 2825 | M9: 455 | N9: 752
A10: Maíz amarillo duro | B10: 19-20 | C10: 226814.75 | D10: 30170 | E10: 38405.65 | F10: 30330 | G10: 15706.5 | H10: 13737.4 | I10: 18947.3 | J10: 20998.55 | K10: 19135.65 | L10: 12005 | M10: 11618 | N10: 15760.7 | O10: 15820
B11: 20-21 | C11: 239229.85 | D11: 26892 | E11: 40299 | F11: 27958.3 | G11: 15264.2 | H11: 15966.6 | I11: 20800.95 | J11: 28713.4 | K11: 24416.2 | L11: 13175.15 | M11: 10753.8 | N11: 14990.25
A12: Maíz amiláceo | B12: 19-20 | C12: 241471.13 | D12: 17488 | E12: 35740.8 | F12: 77258.5 | G12: 60549.5 | H12: 23395 | I12: 15885 | J12: 3915 | K12: 635.5 | L12: 1643.5 | M12: 3018.33 | N12: 1942 | O12: 2317
B13: 20-21 | C13: 236153.5 | D13: 16631.25 | E13: 41413.25 | F13: 75422 | G13: 45361.5 | H13: 31333 | I13: 15417.5 | J13: 3937 | K13: 1899.752 | L13: 1161.75 | M13: 1932 | N13: 1644.5
A14: Arroz cáscara | B14: 19-20 | C14: 394446.9 | D14: 39401.1 | E14: 35923 | F14: 30776.6 | G14: 37781.5 | H14: 40534.4 | I14: 51913 | J14: 65279.8 | K14: 34007 | L14: 17502.6 | M14: 18584.5 | N14: 22743.4 | O14: 31513.6
B15: 20-21 | C15: 387502.9 | D15: 43949 | E15: 27167 | F15: 28669 | G15: 29304 | H15: 26605.4 | I15: 45837.5 | J15: 94705.1 | K15: 32591 | L15: 17356.5 | M15: 19484 | N15: 21834.4
A16: Cebada grano | B16: 19-20 | C16: 125697.5 | D16: 31 | E16: 1091 | F16: 21852 | G16: 33038.5 | H16: 34053.5 | I16: 22387 | J16: 10447.5 | K16: 2101 | L16: 595 | M16: 67 | N16: 34 | O16: 83
B17: 20-21 | C17: 127278.75 | D17: 15 | E17: 966 | F17: 21294 | G17: 23383 | H17: 39958 | I17: 26352.95 | J17: 12357.4 | K17: 2551.4 | L17: 297 | M17: 58.5 | N17: 45.5
A18: Quinua | B18: 19-20 | C18: 67465.1 | D18: 1270 | E18: 8118 | F18: 35136.1 | G18: 15134.5 | H18: 4397.5 | I18: 1033 | J18: 657 | K18: 256 | L18: 320 | M18: 567 | N18: 576 | O18: 455
B19: 20-21 | C19: 71316 | D19: 1342.5 | E19: 12204 | F19: 31720.5 | G19: 14136 | H19: 7762.5 | I19: 1953.5 | J19: 745 | K19: 189 | L19: 223 | M19: 523 | N19: 517
A20: Ají | B20: 19-20 | C20: 3769.05 | D20: 486.3 | E20: 493.95 | F20: 522.05 | G20: 523.85 | H20: 243.2 | I20: 358.2 | J20: 327.3 | K20: 194.5 | L20: 177.5 | M20: 261.8 | N20: 180.4 | O20: 254.05
B21: 20-21 | C21: 4124.15 | D21: 535.75 | E21: 601.7 | F21: 745.7 | G21: 580 | H21: 311 | I21: 257.7 | J21: 324.5 | K21: 248 | L21: 163.1 | M21: 174.5 | N21: 182.2
A22: Piquillo | B22: 19-20 | C22: 496 | D22: 156 | E22: 11 | F22: 0 | G22: 0 | H22: 0 | I22: 0 | J22: 0 | K22: 11 | L22: 11 | M22: 118 | N22: 189 | O22: 187
B23: 20-21 | C23: 893 | D23: 10 | E23: 70 | F23: 429 | G23: 0 | H23: 0 | I23: 15 | J23: 0 | K23: 58 | L23: 192 | M23: 0 | N23: 119
A24: Pimiento | B24: 19-20 | C24: 1421.2 | D24: 43.6 | E24: 41.8 | F24: 114 | G24: 234.85 | H24: 208 | I24: 123.5 | J24: 77.4 | K24: 42.6 | L24: 166.2 | M24: 225.55 | N24: 143.7 | O24: 39.4
B25: 20-21 | C25: 837.8 | D25: 43.2 | E25: 98.2 | F25: 97.5 | G25: 60.2 | H25: 86 | I25: 139 | J25: 94.05 | K25: 79 | L25: 57.85 | M25: 35.75 | N25: 47.05
A26: Tomate | B26: 19-20 | C26: 4340.35 | D26: 505 | E26: 440.25 | F26: 374.8 | G26: 343.5 | H26: 306.5 | I26: 314.5 | J26: 423 | K26: 255 | L26: 457.2 | M26: 358.5 | N26: 562.1 | O26: 574.5
B27: 20-21 | C27: 4830.05 | D27: 481.75 | E27: 476.95 | F27: 465.3 | G27: 409 | H27: 342 | I27: 451.8 | J27: 466 | K27: 432.75 | L27: 330.25 | M27: 390 | N27: 584.25
A28: Zapallo | B28: 19-20 | C28: 6390.1 | D28: 727.6 | E28: 911.25 | F28: 1156.5 | G28: 912.9 | H28: 622.8 | I28: 223.4 | J28: 290.3 | K28: 357.25 | L28: 492 | M28: 350.6 | N28: 345.5 | O28: 579.5
B29: 20-21 | C29: 7090.05 | D29: 879.5 | E29: 1134 | F29: 1087.5 | G29: 795 | H29: 558.3 | I29: 372.35 | J29: 424.7 | K29: 814.5 | L29: 481 | M29: 275.2 | N29: 268
A30: Zanahoria | B30: 19-20 | C30: 6972.85 | D30: 583 | E30: 705.75 | F30: 1004.75 | G30: 977 | H30: 580.75 | I30: 415.75 | J30: 290.1 | K30: 448.5 | L30: 753.5 | M30: 698.75 | N30: 515 | O30: 572.25
B31: 20-21 | C31: 7670.45 | D31: 705.7 | E31: 889.5 | F31: 869.75 | G31: 807.25 | H31: 746.75 | I31: 478.3 | J31: 416.45 | K31: 539 | L31: 705 | M31: 855 | N31: 657.75
A32: Ajo | B32: 19-20 | C32: 6907.8 | D32: 218 | E32: 398 | F32: 670.3 | G32: 562 | H32: 213 | I32: 139 | J32: 370.5 | K32: 788 | L32: 1062 | M32: 957.5 | N32: 1529.5 | O32: 819.8
B33: 20-21 | C33: 8074.2 | D33: 241.4 | E33: 410 | F33: 671 | G33: 449.5 | H33: 576 | I33: 536.9 | J33: 563.9 | K33: 1146 | L33: 934 | M33: 1068.5 | N33: 1477
O34: sigue…
A35: continúa C.15
A36: Cultivos | B36: Campaña Agrícola | C36: Ago-Jun | D36: Ago | E36: Set | F36: Oct | G36: Nov | H36: Dic | I36: Ene | J36: Feb | K36: Mar | L36: Abr | M36: May | N36: Jun | O36: Jul
A37: Cebolla | B37: 19-20 | C37: 13994.75 | D37: 1837 | E37: 1491.2 | F37: 1339.5 | G37: 816.25 | H37: 654.2 | I37: 902.9 | J37: 1538.7 | K37: 2489.5 | L37: 1189 | M37: 728 | N37: 1008.5 | O37: 1147.5
B38: 20-21 | C38: 14162 | D38: 1825.9 | E38: 1864.5 | F38: 1399.5 | G38: 732.5 | H38: 844.5 | I38: 834.8 | J38: 1701.3 | K38: 1950.5 | L38: 1723 | M38: 559 | N38: 726.5
A39: Papa | B39: 19-20 | C39: 323776.91 | D39: 25118 | E39: 48792.5 | F39: 102904.55 | G39: 73651.5 | H39: 17748 | I39: 3828.5 | J39: 2580.6 | K39: 4147.5 | L39: 7710.5 | M39: 15923.29 | N39: 21371.97 | O39: 16706.47
B40: 20-21 | C40: 325508 | D40: 26807.5 | E40: 47965.2 | F40: 104982.8 | G40: 65285 | H40: 26176 | I40: 4669.5 | J40: 2571.5 | K40: 4738 | L40: 8224.25 | M40: 14573.75 | N40: 19514.5
A41: Yuca | B41: 19-20 | C41: 101744.7 | D41: 12820.85 | E41: 14224 | F41: 12387 | G41: 10319.3 | H41: 9300.75 | I41: 7070 | J41: 6889.7 | K41: 5809.3 | L41: 6720.5 | M41: 7609.5 | N41: 8593.8 | O41: 9206.6
B42: 20-21 | C42: 99290.85 | D42: 12397.5 | E42: 13729.3 | F42: 12794.15 | G42: 10672.95 | H42: 9096.9 | I42: 6205.65 | J42: 6530.25 | K42: 5601.75 | L42: 6563.65 | M42: 7672.85 | N42: 8025.9
A43: Camote | B43: 19-20 | C43: 13252.05 | D43: 1215.3 | E43: 1195.45 | F43: 1262.25 | G43: 1573.55 | H43: 1262.1 | I43: 1122.5 | J43: 862.6 | K43: 758 | L43: 995.1 | M43: 1472.9 | N43: 1532.3 | O43: 1209.1
B44: 20-21 | C44: 10662.7 | D44: 822.35 | E44: 994.65 | F44: 1122.75 | G44: 920.75 | H44: 762.8 | I44: 948 | J44: 744.5 | K44: 894.75 | L44: 1143.45 | M44: 840.7 | N44: 1468
A45: Oca | B45: 19-20 | C45: 13726 | D45: 991.5 | E45: 3477.4 | F45: 5591.7 | G45: 2721.9 | H45: 541.5 | I45: 233 | J45: 58 | K45: 0 | L45: 0 | M45: 1.5 | N45: 109.5 | O45: 82.5
B46: 20-21 | C46: 13142.75 | D46: 1261.75 | E46: 3615 | F46: 5333.5 | G46: 2001 | H46: 686 | I46: 103 | J46: 58 | K46: 6 | L46: 6 | M46: 0 | N46: 72.5
A47: Olluco | B47: 19-20 | C47: 25246.55 | D47: 3677 | E47: 6093.9 | F47: 7645.75 | G47: 4883.4 | H47: 1164.5 | I47: 411 | J47: 185 | K47: 54 | L47: 134 | M47: 525.5 | N47: 472.5 | O47: 557.5
B48: 20-21 | C48: 25311.95 | D48: 3740.75 | E48: 6315.5 | F48: 8195 | G48: 3941 | H48: 1565.7 | I48: 302.5 | J48: 172 | K48: 113 | L48: 159.5 | M48: 417 | N48: 390
A49: Páprika | B49: 19-20 | C49: 4728 | D49: 1237 | E49: 674 | F49: 827 | G49: 436.5 | H49: 203 | I49: 310.5 | J49: 52 | K49: 313 | L49: 135 | M49: 431 | N49: 109 | O49: 105
B50: 20-21 | C50: 4677.5 | D50: 945 | E50: 1083 | F50: 700 | G50: 375 | H50: 237 | I50: 188 | J50: 337 | K50: 302.5 | L50: 198 | M50: 67 | N50: 245
A51: Frijol | B51: 19-20 | C51: 71082.5 | D51: 2685.75 | E51: 4789.75 | F51: 10923.5 | G51: 15291.5 | H51: 13905.5 | I51: 4495.25 | J51: 1686.75 | K51: 5122 | L51: 3735.5 | M51: 4302.5 | N51: 4144.5 | O51: 2681
B52: 20-21 | C52: 71313.5 | D52: 3229 | E52: 5770.25 | F52: 10731.25 | G52: 12429 | H52: 12823.5 | I52: 5894.5 | J52: 2613 | K52: 4831.25 | L52: 4130.25 | M52: 4245.5 | N52: 4616
A53: Pallar | B53: 19-20 | C53: 5930.5 | D53: 511 | E53: 48 | F53: 18 | G53: 37 | H53: 57 | I53: 73 | J53: 442 | K53: 799 | L53: 1511 | M53: 340.5 | N53: 2094 | O53: 1207
B54: 20-21 | C54: 3462.5 | D54: 94 | E54: 108.5 | F54: 37.5 | G54: 45.5 | H54: 40 | I54: 66 | J54: 287.5 | K54: 1935 | L54: 425 | M54: 80.5 | N54: 343
A55: Haba grano | B55: 19-20 | C55: 67769.35 | D55: 2404 | E55: 12913.5 | F55: 24074.8 | G55: 17553.8 | H55: 6225.75 | I55: 2415 | J55: 696 | K55: 475 | L55: 224 | M55: 216 | N55: 571.5 | O55: 658
B56: 20-21 | C56: 69053.05 | D56: 3794 | E56: 14031 | F56: 23797 | G56: 12645.75 | H56: 10249.8 | I56: 2317.5 | J56: 907 | K56: 491.5 | L56: 234.5 | M56: 248 | N56: 337
A57: Arveja grano | B57: 19-20 | C57: 76160.45 | D57: 1898.5 | E57: 4521 | F57: 9543.25 | G57: 10035 | H57: 7295.5 | I57: 6361.45 | J57: 8424 | K57: 10315.75 | L57: 10868 | M57: 4969.5 | N57: 1928.5 | O57: 1628.5
B58: 20-21 | C58: 75617.2 | D58: 2374.15 | E58: 4496.5 | F58: 9583.55 | G58: 7847.55 | H58: 9509.5 | I58: 6604.45 | J58: 7515.25 | K58: 12774 | L58: 9721.25 | M58: 3915 | N58: 1276
A59: Maíz chala | B59: 19-20 | C59: 33037 | D59: 3094 | E59: 2812.5 | F59: 3056.5 | G59: 2922 | H59: 2814.5 | I59: 3086 | J59: 3061.5 | K59: 2871 | L59: 3096 | M59: 3456.5 | N59: 2766.5 | O59: 2936
B60: 20-21 | C60: 34472.5 | D60: 2971 | E60: 3435.5 | F60: 3100.5 | G60: 2848 | H60: 2988 | I60: 3405.5 | J60: 3469.5 | K60: 3291 | L60: 3254 | M60: 2872.5 | N60: 2837
A61: Cebada forrajera | B61: 19-20 | C61: 19131.5 | D61: 107 | E61: 132 | F61: 1182.5 | G61: 7401 | H61: 8951 | I61: 607 | J61: 198 | K61: 151 | L61: 179 | M61: 116 | N61: 107 | O61: 76
B62: 20-21 | C62: 18702.5 | D62: 146 | E62: 205 | F62: 1051 | G62: 5087 | H62: 10631.5 | I62: 881 | J62: 217 | K62: 152 | L62: 140 | M62: 115 | N62: 77
A63: Avena forrajera | B63: 19-20 | C63: 105907.51 | D63: 192.5 | E63: 812.5 | F63: 10614.51 | G63: 45798.5 | H63: 43763.5 | I63: 2795.5 | J63: 1216.5 | K63: 186.5 | L63: 346.5 | M63: 104.5 | N63: 76.5 | O63: 89
B64: 20-21 | C64: 109529.5 | D64: 133 | E64: 926 | F64: 16110.5 | G64: 39607.5 | H64: 45908.5 | I64: 5353.5 | J64: 365.5 | K64: 772.5 | L64: 173.5 | M64: 90.5 | N64: 88.5
A65: Algodón rama | B65: 19-20 | C65: 5230.25 | D65: 595 | E65: 1355.5 | F65: 727 | G65: 1094.5 | H65: 165.5 | I65: 30 | J65: 35 | K65: 265.5 | L65: 528.5 | M65: 263.33 | N65: 170.42 | O65: 466.269
B66: 20-21 | C66: 4679 | D66: 765.5 | E66: 1163 | F66: 384 | G66: 772 | H66: 29 | I66: 26.5 | J66: 57 | K66: 692 | L66: 249 | M66: 302 | N66: 239
A67: p/ Preliminar
A68: Fuente: Direcciones Regionales de Agricultura
A69: Elaboración: MIDAGRI-DGESEP (DEIA)

Sheet c-16
A1: C.16 PERÚ: SUPERFICIE COSECHADA DE PRINCIPALES CULTIVOS TRANSITORIOS POR REGIÓN
A2: ENERO-JUNIO 2020-2021
A3: (Hectárea) | M3: continúa C.16 | Y3: continúa C.16
A5: Región | B5: Años | C5: Ene-Jun | D5: Trigo | E5: Maíz a. duro | F5: Maíz amiláceo | G5: Arroz cáscara | H5: Cebada grano | I5: Quinua | J5: Ají | K5: Piquillo | L5: Tomate | M5: Región | N5: Años | O5: Zapallo | P5: Arveja verde | Q5: Zanahoria | R5: Ajo | S5: Cebolla | T5: Maíz choclo | U5: Papa | V5: Yuca | W5: Camote | X5: Oca | Y5: Región | Z5: Años | AA5: Olluco | AB5: Pápríka | AC5: Frijol seco | AD5: Pallar seco | AE5: Haba seca | AF5: Arveja seca | AG5: Caña para azúcar | AH5: Maiz. chala | AI5: Cebada forrajera | AJ5: Avena forrajera
A6: Nacional | B6: 2020p/ | C6: 1384787.3 | D6: 32013.6 | E6: 125711.9 | F6: 135385.05 | G6: 261537.3 | H6: 65241 | I6: 62510.5 | J6: 2364.7 | K6: 234 | L6: 2246.7 | M6: Nacional | N6: 2020p/ | O6: 4195.15 | P6: 19927.2 | Q6: 3983.75 | R6: 2061.7 | S6: 7086.45 | T6: 32108.9 | U6: 266439.65 | V6: 51804.6 | W6: 7038.85 | X6: 12455.5 | Y6: Nacional | Z6: 2020p/ | AA6: 22508.85 | AB6: 3522.5 | AC6: 31190.75 | AD6: 195 | AE6: 40074.2 | AF6: 15110 | AG6: 38216.489 | AH6: 17700 | AI6: 18437.5 | AJ6: 103485.51
B7: 2021p/ | C7: 1320542.5 | D7: 24874.2 | E7: 128696.1 | F7: 121747.99 | G7: 241876.15 | H7: 57108 | I7: 60998.5 | J7: 2768.25 | K7: 315 | L7: 2719.5 | N7: 2021p/ | O7: 4493.1 | P7: 20319.95 | Q7: 3965.5 | R7: 2141.67 | S7: 8071.1 | T7: 32687.93 | U7: 259932.45 | V7: 49544.85 | W7: 5206.17 | X7: 11125.7 | Z7: 2021p/ | AA7: 20391.2 | AB7: 2922 | AC7: 32784.25 | AD7: 244 | AE7: 34512.25 | AF7: 13981 | AG7: 31378.526 | AH7: 18966 | AI7: 17248 | AJ7: 109523.2
A8: Amazonas | B8: 2020 | C8: 45175 | D8: 10 | E8: 6509 | F8: 1235.5 | G8: 25102 | H8: 1 | I8: 0 | J8: 16.5 | K8: 0 | L8: 76.5 | M8: Amazonas | N8: 2020 | O8: 76 | P8: 294 | Q8: 147 | R8: 2 | S8: 1 | T8: 733 | U8: 1936.5 | V8: 6214 | W8: 23 | X8: 42.5 | Y8: Amazonas | Z8: 2020 | AA8: 125 | AB8: 0 | AC8: 2495 | AD8: 0 | AE8: 71 | AF8: 64.5 | AG8: 0 | AH8: 0 | AI8: 0 | AJ8: 0
B9: 2021 | C9: 41998.5 | D9: 8 | E9: 7869 | F9: 1201 | G9: 22814 | H9: 11 | I9: 0 | J9: 16 | K9: 0 | L9: 151 | N9: 2021 | O9: 30 | P9: 382 | Q9: 157 | R9: 2 | S9: 1 | T9: 1345 | U9: 1604.5 | V9: 3631.5 | W9: 18 | X9: 32 | Z9: 2021 | AA9: 108.5 | AB9: 0 | AC9: 2521 | AD9: 0 | AE9: 41 | AF9: 55 | AG9: 0 | AH9: 0 | AI9: 0 | AJ9: 0
A10: Ancash | B10: 2020 | C10: 36173.68 | D10: 989 | E10: 6138 | F10: 3930 | G10: 6090 | H10: 465 | I10: 54 | J10: 43 | K10: 0 | L10: 91 | M10: Ancash | N10: 2020 | O10: 99 | P10: 358 | Q10: 46 | R10: 17 | S10: 102 | T10: 2898 | U10: 8016 | V10: 79 | W10: 419 | X10: 172 | Y10: Ancash | Z10: 2020 | AA10: 397 | AB10: 184 | AC10: 448 | AD10: 60 | AE10: 701 | AF10: 404 | AG10: 3634.68 | AH10: 339 | AI10: 0 | AJ10: 0
B11: 2021 | C11: 37732.25 | D11: 1753 | E11: 5631 | F11: 4775 | G11: 5946 | H11: 833 | I11: 66 | J11: 50 | K11: 0 | L11: 156 | N11: 2021 | O11: 146 | P11: 422 | Q11: 90 | R11: 3 | S11: 90 | T11: 3218 | U11: 8320 | V11: 101 | W11: 774 | X11: 145 | Z11: 2021 | AA11: 554 | AB11: 303 | AC11: 178 | AD11: 22 | AE11: 748 | AF11: 340 | AG11: 2819.25 | AH11: 249 | AI11: 0 | AJ11: 0
A12: Apurimac | B12: 2020 | C12: 62902.55 | D12: 2853.3 | E12: 1158.5 | F12: 18650 | G12: 0 | H12: 3107.5 | I12: 4767.5 | J12: 10 | K12: 0 | L12: 73.5 | M12: Apurimac | N12: 2020 | O12: 189 | P12: 788.7 | Q12: 248.5 | R12: 72.7 | S12: 139.85 | T12: 1888 | U12: 16906.7 | V12: 11 | W12: 64.5 | X12: 1329.1 | Y12: Apurimac | Z12: 2020 | AA12: 2443.7 | AB12: 0 | AC12: 2939.5 | AD12: 3 | AE12: 3168.5 | AF12: 856 | AG12: 0 | AH12: 0 | AI12: 493.5 | AJ12: 740
B13: 2021 | C13: 61539.7 | D13: 2375 | E13: 1679 | F13: 17958.5 | G13: 0 | H13: 2754 | I13: 4037.5 | J13: 9 | K13: 0 | L13: 67 | N13: 2021 | O13: 87 | P13: 885.5 | Q13: 191 | R13: 102.5 | S13: 109.5 | T13: 2149.5 | U13: 17894 | V13: 28 | W13: 55 | X13: 1114 | Z13: 2021 | AA13: 2065 | AB13: 0 | AC13: 3410 | AD13: 3 | AE13: 2297.5 | AF13: 823 | AG13: 0 | AH13: 0 | AI13: 790.5 | AJ13: 654.7
A14: Arequipa | B14: 2020 | C14: 44075.25 | D14: 37 | E14: 11 | F14: 2282 | G14: 21153 | H14: 146 | I14: 593 | J14: 314 | K14: 0 | L14: 320 | M14: Arequipa | N14: 2020 | O14: 698 | P14: 851 | Q14: 944 | R14: 248 | S14: 3578 | T14: 62 | U14: 2816 | V14: 10 | W14: 42 | X14: 14 | Y14: Arequipa | Z14: 2020 | AA14: 25 | AB14: 926 | AC14: 87 | AD14: 0 | AE14: 292 | AF14: 3 | AG14: 240.25 | AH14: 7758 | AI14: 318 | AJ14: 307
B15: 2021 | C15: 46101 | D15: 42 | E15: 109 | F15: 2468 | G15: 20628 | H15: 152 | I15: 485 | J15: 372 | K15: 0 | L15: 377 | N15: 2021 | O15: 667 | P15: 819 | Q15: 862 | R15: 281 | S15: 4649 | T15: 115 | U15: 2431 | V15: 6 | W15: 39 | X15: 15 | Z15: 2021 | AA15: 23 | AB15: 1219 | AC15: 363 | AD15: 0 | AE15: 397 | AF15: 4 | AG15: 322 | AH15: 8590 | AI15: 338 | AJ15: 328
A16: Ayacucho | B16: 2020 | C16: 98829 | D16: 6024 | E16: 721 | F16: 16782 | G16: 19 | H16: 9407 | I16: 13641 | J16: 13 | K16: 0 | L16: 41 | M16: Ayacucho | N16: 2020 | O16: 44 | P16: 1506 | Q16: 81 | R16: 308 | S16: 339 | T16: 1828 | U16: 25189 | V16: 289 | W16: 22 | X16: 1743 | Y16: Ayacucho | Z16: 2020 | AA16: 2608 | AB16: 0 | AC16: 1337 | AD16: 7 | AE16: 6497 | AF16: 4245 | AG16: 0 | AH16: 0 | AI16: 13 | AJ16: 6125
B17: 2021 | C17: 83988 | D17: 4617 | E17: 560 | F17: 13543 | G17: 9 | H17: 7224 | I17: 11606 | J17: 10 | K17: 0 | L17: 38 | N17: 2021 | O17: 36 | P17: 1435 | Q17: 142 | R17: 254 | S17: 336 | T17: 1647 | U17: 22312 | V17: 468 | W17: 15 | X17: 1458 | Z17: 2021 | AA17: 2221 | AB17: 0 | AC17: 1348 | AD17: 9 | AE17: 5175 | AF17: 3675 | AG17: 0 | AH17: 0 | AI17: 6 | AJ17: 5844
A18: Cajamarca | B18: 2020 | C18: 109656.3 | D18: 3585 | E18: 10721 | F18: 26822 | G18: 10613 | H18: 1871 | I18: 340 | J18: 0 | K18: 0 | L18: 109.4 | M18: Cajamarca | N18: 2020 | O18: 649.4 | P18: 4425 | Q18: 467.5 | R18: 538 | S18: 115.6 | T18: 8457.5 | U18: 19520.9 | V18: 3170.5 | W18: 558 | X18: 838 | Y18: Cajamarca | Z18: 2020 | AA18: 2097 | AB18: 4 | AC18: 9934 | AD18: 0 | AE18: 2955.5 | AF18: 1065 | AG18: 0 | AH18: 168 | AI18: 0 | AJ18: 631
B19: 2021 | C19: 110122.45 | D19: 2740.2 | E19: 12358 | F19: 26184.995 | G19: 11335.4 | H19: 1087 | I19: 185 | J19: 0 | K19: 0 | L19: 135.25 | N19: 2021 | O19: 620.25 | P19: 5461 | Q19: 394 | R19: 632 | S19: 107.6 | T19: 8967.5 | U19: 18595.55 | V19: 2714 | W19: 543.75 | X19: 373.45 | Z19: 2021 | AA19: 1607 | AB19: 0 | AC19: 10655.75 | AD19: 0 | AE19: 2808.75 | AF19: 1431 | AG19: 0 | AH19: 257 | AI19: 0 | AJ19: 928
A20: Callao | B20: 2020 | C20: 0 | D20: 0 | E20: 0 | F20: 0 | G20: 0 | H20: 0 | I20: 0 | J20: 0 | K20: 0 | L20: 0 | M20: Callao | N20: 2020 | O20: 0 | P20: 0 | Q20: 0 | R20: 0 | S20: 0 | T20: 0 | U20: 0 | V20: 0 | W20: 0 | X20: 0 | Y20: Callao | Z20: 2020 | AA20: 0 | AB20: 0 | AC20: 0 | AD20: 0 | AE20: 0 | AF20: 0 | AG20: 0 | AH20: 0 | AI20: 0 | AJ20: 0
B21: 2021 | C21: 0 | D21: 0 | E21: 0 | F21: 0 | G21: 0 | H21: 0 | I21: 0 | J21: 0 | K21: 0 | L21: 0 | N21: 2021 | O21: 0 | P21: 0 | Q21: 0 | R21: 0 | S21: 0 | T21: 0 | U21: 0 | V21: 0 | W21: 0 | X21: 0 | Z21: 2021 | AA21: 0 | AB21: 0 | AC21: 0 | AD21: 0 | AE21: 0 | AF21: 0 | AG21: 0 | AH21: 0 | AI21: 0 | AJ21: 0
A22: Cusco | B22: 2020 | C22: 105916.26 | D22: 4799 | E22: 3500.5 | F22: 21724 | G22: 1118 | H22: 8076 | I22: 3303 | J22: 0 | K22: 0 | L22: 29 | M22: Cusco | N22: 2020 | O22: 157 | P22: 293 | Q22: 415 | R22: 0 | S22: 284 | T22: 1777 | U22: 29670 | V22: 2669.75 | W22: 62 | X22: 1607 | Y22: Cusco | Z22: 2020 | AA22: 3499 | AB22: 0 | AC22: 1634 | AD22: 0 | AE22: 6720 | AF22: 2122 | AG22: 0 | AH22: 0 | AI22: 807 | AJ22: 11650.01
B23: 2021 | C23: 103881 | D23: 2687 | E23: 2908 | F23: 21218 | G23: 999 | H23: 6453 | I23: 3795 | J23: 0 | K23: 0 | L23: 38 | N23: 2021 | O23: 151 | P23: 434 | Q23: 449 | R23: 0 | S23: 343 | T23: 2070 | U23: 29181 | V23: 1917 | W23: 68 | X23: 1626 | Z23: 2021 | AA23: 3307 | AB23: 0 | AC23: 2016 | AD23: 0 | AE23: 5665 | AF23: 1819 | AG23: 0 | AH23: 0 | AI23: 960 | AJ23: 15777
A24: Huancavelica | B24: 2020 | C24: 72322 | D24: 2759 | E24: 171 | F24: 14547 | G24: 0 | H24: 8597 | I24: 1359 | J24: 0 | K24: 0 | L24: 5 | M24: Huancavelica | N24: 2020 | O24: 185 | P24: 4628 | Q24: 31 | R24: 90 | S24: 8 | T24: 740 | U24: 22489 | V24: 0 | W24: 9 | X24: 456 | Y24: Huancavelica | Z24: 2020 | AA24: 2658 | AB24: 0 | AC24: 4570 | AD24: 0 | AE24: 4867 | AF24: 2642 | AG24: 0 | AH24: 0 | AI24: 0 | AJ24: 1511
B25: 2021 | C25: 54362 | D25: 1537 | E25: 388 | F25: 10318 | G25: 0 | H25: 6024 | I25: 1228 | J25: 0 | K25: 0 | L25: 31 | N25: 2021 | O25: 427 | P25: 2935 | Q25: 85 | R25: 77 | S25: 43 | T25: 624 | U25: 16804 | V25: 0 | W25: 4 | X25: 483 | Z25: 2021 | AA25: 1931 | AB25: 0 | AC25: 4738 | AD25: 1 | AE25: 2986 | AF25: 1949 | AG25: 0 | AH25: 0 | AI25: 19 | AJ25: 1730
A26: Huánuco | B26: 2020 | C26: 62866.75 | D26: 3076 | E26: 7580.25 | F26: 7687.75 | G26: 3756 | H26: 1992 | I26: 530 | J26: 36.75 | K26: 0 | L26: 25 | M26: Huánuco | N26: 2020 | O26: 508.5 | P26: 1409 | Q26: 86.25 | R26: 35 | S26: 75 | T26: 824.5 | U26: 26194.75 | V26: 2178.5 | W26: 180.5 | X26: 610 | Y26: Huánuco | Z26: 2020 | AA26: 1466 | AB26: 0 | AC26: 1284.5 | AD26: 0 | AE26: 1442.5 | AF26: 516.5 | AG26: 0 | AH26: 213.5 | AI26: 0 | AJ26: 1158
B27: 2021 | C27: 61033.75 | D27: 2918 | E27: 6224.25 | F27: 6382 | G27: 3354 | H27: 1907 | I27: 569.5 | J27: 38.75 | K27: 0 | L27: 32.75 | N27: 2021 | O27: 720.25 | P27: 1521.75 | Q27: 113.5 | R27: 34.5 | S27: 78.5 | T27: 845 | U27: 27219 | V27: 2088 | W27: 173.25 | X27: 641.25 | Z27: 2021 | AA27: 1587.5 | AB27: 0 | AC27: 1322 | AD27: 0 | AE27: 1308 | AF27: 527 | AG27: 0 | AH27: 219 | AI27: 57.5 | AJ27: 1151.5
A28: Ica | B28: 2020 | C28: 13144.75 | D28: 8 | E28: 10450.5 | F28: 6.5 | G28: 0 | H28: 27 | I28: 2 | J28: 128 | K28: 0 | L28: 462 | M28: Ica | N28: 2020 | O28: 159.25 | P28: 63.5 | Q28: 8 | R28: 2 | S28: 776 | T28: 45 | U28: 63 | V28: 105 | W28: 562.5 | X28: 11 | Y28: Ica | Z28: 2020 | AA28: 0 | AB28: 185.5 | AC28: 11 | AD28: 69 | AE28: 0 | AF28: 0 | AG28: 0 | AH28: 0 | AI28: 0 | AJ28: 0
B29: 2021 | C29: 17135 | D29: 15 | E29: 14143 | F29: 56 | G29: 0 | H29: 36 | I29: 5 | J29: 185 | K29: 0 | L29: 581 | N29: 2021 | O29: 170.5 | P29: 58.5 | Q29: 2 | R29: 0 | S29: 741 | T29: 32.5 | U29: 95.5 | V29: 183 | W29: 417 | X29: 0 | Z29: 2021 | AA29: 4 | AB29: 268 | AC29: 15 | AD29: 127 | AE29: 0 | AF29: 0 | AG29: 0 | AH29: 0 | AI29: 0 | AJ29: 0
A30: Junín | B30: 2020 | C30: 70339.85 | D30: 1749 | E30: 4870 | F30: 6205 | G30: 387 | H30: 4972 | I30: 1376 | J30: 157 | K30: 0 | L30: 5 | M30: Junín | N30: 2020 | O30: 169 | P30: 3229 | Q30: 839 | R30: 323 | S30: 94 | T30: 7696 | U30: 22142.55 | V30: 3633 | W30: 0 | X30: 531 | Y30: Junín | Z30: 2020 | AA30: 2514.3 | AB30: 0 | AC30: 2041 | AD30: 0 | AE30: 1461 | AF30: 754 | AG30: 0 | AH30: 0 | AI30: 265 | AJ30: 4927
B31: 2021 | C31: 66982 | D31: 1569 | E31: 5261.5 | F31: 4729 | G31: 368.5 | H31: 4726 | I31: 1515 | J31: 186 | K31: 0 | L31: 5 | N31: 2021 | O31: 192 | P31: 3131 | Q31: 820 | R31: 298 | S31: 83 | T31: 7045 | U31: 20885 | V31: 3595 | W31: 0 | X31: 519 | Z31: 2021 | AA31: 2431 | AB31: 0 | AC31: 2063 | AD31: 0 | AE31: 1197 | AF31: 549 | AG31: 0 | AH31: 0 | AI31: 602 | AJ31: 5212
A32: La Libertad | B32: 2020 | C32: 92543.395 | D32: 2557 | E32: 4065.5 | F32: 5474 | G32: 31180 | H32: 1692 | I32: 283 | J32: 99.5 | K32: 156 | L32: 91 | M32: La Libertad | N32: 2020 | O32: 351.5 | P32: 943.5 | Q32: 348.5 | R32: 152 | S32: 282 | T32: 818 | U32: 19460.5 | V32: 499 | W32: 149.5 | X32: 383.5 | Y32: La Libertad | Z32: 2020 | AA32: 548 | AB32: 26 | AC32: 1353.5 | AD32: 3 | AE32: 1063 | AF32: 1114 | AG32: 17647.395 | AH32: 1480 | AI32: 35 | AJ32: 287.5
B33: 2021 | C33: 85371.36 | D33: 2568 | E33: 4204.1 | F33: 4882 | G33: 24227 | H33: 1771 | I33: 391.5 | J33: 106.5 | K33: 197 | L33: 109.5 | N33: 2021 | O33: 303 | P33: 1098.5 | Q33: 314 | R33: 120.5 | S33: 251 | T33: 686.5 | U33: 20444 | V33: 491.5 | W33: 163 | X33: 361 | Z33: 2021 | AA33: 660.5 | AB33: 42 | AC33: 1182 | AD33: 0 | AE33: 1084 | AF33: 1405 | AG33: 15798.76 | AH33: 1564.5 | AI33: 54 | AJ33: 891
A34: Lambayeque | B34: 2020 | C34: 68565.132 | D34: 10 | E34: 6108 | F34: 425 | G34: 47937 | H34: 10 | I34: 15 | J34: 16 | K34: 0 | L34: 89 | M34: Lambayeque | N34: 2020 | O34: 14 | P34: 102 | Q34: 37 | R34: 0 | S34: 159 | T34: 1488 | U34: 335 | V34: 220 | W34: 604 | X34: 80 | Y34: Lambayeque | Z34: 2020 | AA34: 157 | AB34: 36 | AC34: 47 | AD34: 45 | AE34: 47 | AF34: 10 | AG34: 9711.132 | AH34: 863 | AI34: 0 | AJ34: 0
B35: 2021 | C35: 64306.158 | D35: 30 | E35: 3828 | F35: 457 | G35: 45425 | H35: 10 | I35: 0 | J35: 0 | K35: 44 | L35: 24 | N35: 2021 | O35: 20 | P35: 297 | Q35: 19 | R35: 0 | S35: 97 | T35: 1094 | U35: 375 | V35: 166 | W35: 260 | X35: 0 | Z35: 2021 | AA35: 90 | AB35: 40 | AC35: 50 | AD35: 74 | AE35: 65 | AF35: 0 | AG35: 11121.158 | AH35: 720 | AI35: 0 | AJ35: 0
A36: Lima | B36: 2020 | C36: 28666.31 | D36: 33.3 | E36: 7766 | F36: 218.3 | G36: 0 | H36: 37.5 | I36: 6 | J36: 396 | K36: 2 | L36: 494.5 | M36: Lima | N36: 2020 | O36: 203 | P36: 240.5 | Q36: 134 | R36: 253 | S36: 269 | T36: 591 | U36: 1801.25 | V36: 425 | W36: 3289 | X36: 55.4 | Y36: Lima | Z36: 2020 | AA36: 134.85 | AB36: 1765 | AC36: 415 | AD36: 8 | AE36: 42.7 | AF36: 8 | AG36: 5163.51 | AH36: 4914.5 | AI36: 0 | AJ36: 0
B37: 2021 | C37: 22522.07 | D37: 17 | E37: 7285.5 | F37: 122.5 | G37: 0 | H37: 49 | I37: 0 | J37: 372 | K37: 0 | L37: 597 | N37: 2021 | O37: 191.5 | P37: 271.7 | Q37: 177 | R37: 313.17 | S37: 259.5 | T37: 667 | U37: 2895 | V37: 395 | W37: 1783 | X37: 55 | Z37: 2021 | AA37: 143.7 | AB37: 1021 | AC37: 259 | AD37: 8 | AE37: 57 | AF37: 9 | AG37: 0 | AH37: 5573.5 | AI37: 0 | AJ37: 0
A38: Lima Metropolitana | B38: 2020 | C38: 1059 | D38: 0 | E38: 2 | F38: 2 | G38: 0 | H38: 4 | I38: 1 | J38: 151 | K38: 0 | L38: 46 | M38: Lima Metropolitana | N38: 2020 | O38: 10 | P38: 8 | Q38: 0 | R38: 0 | S38: 124 | T38: 3 | U38: 7 | V38: 17 | W38: 119 | X38: 0 | Y38: Lima Metropolitana | Z38: 2020 | AA38: 0 | AB38: 0 | AC38: 0 | AD38: 0 | AE38: 0 | AF38: 0 | AG38: 0 | AH38: 565 | AI38: 0 | AJ38: 0
B39: 2021 | C39: 1127 | D39: 2 | E39: 20 | F39: 2 | G39: 0 | H39: 5 | I39: 3 | J39: 146 | K39: 0 | L39: 46 | N39: 2021 | O39: 10 | P39: 17 | Q39: 4 | R39: 0 | S39: 129 | T39: 1 | U39: 2 | V39: 14 | W39: 121 | X39: 0 | Z39: 2021 | AA39: 0 | AB39: 0 | AC39: 3 | AD39: 0 | AE39: 0 | AF39: 0 | AG39: 0 | AH39: 602 | AI39: 0 | AJ39: 0
A40: Loreto | B40: 2020 | C40: 32827 | D40: 0 | E40: 6269 | F40: 0 | G40: 6415 | H40: 0 | I40: 0 | J40: 143 | K40: 0 | L40: 40 | M40: Loreto | N40: 2020 | O40: 37 | P40: 0 | Q40: 0 | R40: 0 | S40: 0 | T40: 1095 | U40: 0 | V40: 18828 | W40: 0 | X40: 0 | Y40: Loreto | Z40: 2020 | AA40: 0 | AB40: 0 | AC40: 0 | AD40: 0 | AE40: 0 | AF40: 0 | AG40: 0 | AH40: 0 | AI40: 0 | AJ40: 0
B41: 2021 | C41: 33651 | D41: 0 | E41: 6224 | F41: 0 | G41: 6482 | H41: 0 | I41: 0 | J41: 141 | K41: 0 | L41: 38 | N41: 2021 | O41: 35 | P41: 0 | Q41: 0 | R41: 0 | S41: 0 | T41: 960 | U41: 0 | V41: 19771 | W41: 0 | X41: 0 | Z41: 2021 | AA41: 0 | AB41: 0 | AC41: 0 | AD41: 0 | AE41: 0 | AF41: 0 | AG41: 0 | AH41: 0 | AI41: 0 | AJ41: 0
A42: Madre de Dios | B42: 2020 | C42: 8895.75 | D42: 0 | E42: 6402 | F42: 0 | G42: 1864 | H42: 0 | I42: 0 | J42: 0 | K42: 0 | L42: 0 | M42: Madre de Dios | N42: 2020 | O42: 0 | P42: 0 | Q42: 0 | R42: 0 | S42: 0 | T42: 0 | U42: 0 | V42: 599.5 | W42: 28.25 | X42: 0 | Y42: Madre de Dios | Z42: 2020 | AA42: 0 | AB42: 0 | AC42: 2 | AD42: 0 | AE42: 0 | AF42: 0 | AG42: 0 | AH42: 0 | AI42: 0 | AJ42: 0
B43: 2021 | C43: 8933.25 | D43: 0 | E43: 6491 | F43: 0 | G43: 1644 | H43: 0 | I43: 0 | J43: 0 | K43: 0 | L43: 0 | N43: 2021 | O43: 0 | P43: 0 | Q43: 0 | R43: 0 | S43: 0 | T43: 0 | U43: 0 | V43: 752.5 | W43: 34.25 | X43: 0 | Z43: 2021 | AA43: 0 | AB43: 0 | AC43: 11.5 | AD43: 0 | AE43: 0 | AF43: 0 | AG43: 0 | AH43: 0 | AI43: 0 | AJ43: 0
A44: Moquegua | B44: 2020 | C44: 1540 | D44: 24 | E44: 39 | F44: 549 | G44: 0 | H44: 68 | I44: 28 | J44: 1 | K44: 0 | L44: 4 | M44: Moquegua | N44: 2020 | O44: 27 | P44: 6 | Q44: 8 | R44: 5 | S44: 43 | T44: 25 | U44: 522 | V44: 0 | W44: 1 | X44: 20 | Y44: Moquegua | Z44: 2020 | AA44: 10 | AB44: 0 | AC44: 5 | AD44: 0 | AE44: 96 | AF44: 0 | AG44: 0 | AH44: 45 | AI44: 0 | AJ44: 14
B45: 2021 | C45: 1747 | D45: 53 | E45: 52 | F45: 551 | G45: 0 | H45: 89 | I45: 28 | J45: 0 | K45: 0 | L45: 4 | N45: 2021 | O45: 35 | P45: 23 | Q45: 8 | R45: 15 | S45: 76 | T45: 25 | U45: 572 | V45: 0 | W45: 2 | X45: 18 | Z45: 2021 | AA45: 10 | AB45: 0 | AC45: 5 | AD45: 0 | AE45: 90 | AF45: 0 | AG45: 0 | AH45: 67 | AI45: 0 | AJ45: 24
A46: Pasco | B46: 2020 | C46: 18140.5 | D46: 0 | E46: 2143 | F46: 927 | G46: 776 | H46: 10 | I46: 0 | J46: 126 | K46: 0 | L46: 0 | M46: Pasco | N46: 2020 | O46: 347 | P46: 588 | Q46: 38 | R46: 8 | S46: 0 | T46: 752 | U46: 8239.5 | V46: 2214 | W46: 0 | X46: 530 | Y46: Pasco | Z46: 2020 | AA46: 675 | AB46: 0 | AC46: 249 | AD46: 0 | AE46: 386 | AF46: 83 | AG46: 0 | AH46: 0 | AI46: 0 | AJ46: 49
B47: 2021 | C47: 18291.229 | D47: 0 | E47: 2624 | F47: 486 | G47: 825 | H47: 15 | I47: 0 | J47: 151 | K47: 0 | L47: 0 | N47: 2021 | O47: 333.5 | P47: 703 | Q47: 43 | R47: 8 | S47: 0 | T47: 868.33 | U47: 8435.899 | V47: 1924.5 | W47: 0 | X47: 559 | Z47: 2021 | AA47: 635 | AB47: 0 | AC47: 266 | AD47: 0 | AE47: 329 | AF47: 85 | AG47: 0 | AH47: 0 | AI47: 0 | AJ47: 0
A48: Piura | B48: 2020 | C48: 47454.522 | D48: 2137 | E48: 3866 | F48: 3315 | G48: 31051 | H48: 38 | I48: 0 | J48: 0 | K48: 76 | L48: 20 | M48: Piura | N48: 2020 | O48: 0 | P48: 186 | Q48: 85 | R48: 4 | S48: 59 | T48: 100 | U48: 965 | V48: 444 | W48: 502 | X48: 462 | Y48: Piura | Z48: 2020 | AA48: 344 | AB48: 383 | AC48: 1237 | AD48: 0 | AE48: 213 | AF48: 148 | AG48: 1819.5218 | AH48: 0 | AI48: 0 | AJ48: 0
B49: 2021 | C49: 40704.358 | D49: 590 | E49: 4407 | F49: 1889 | G49: 28099 | H49: 13 | I49: 0 | J49: 0 | K49: 74 | L49: 35 | N49: 2021 | O49: 59 | P49: 411 | Q49: 76 | R49: 0 | S49: 86 | T49: 75 | U49: 906 | V49: 309 | W49: 321 | X49: 221 | Z49: 2021 | AA49: 181 | AB49: 10 | AC49: 1054 | AD49: 0 | AE49: 319 | AF49: 252 | AG49: 1317.3584 | AH49: 0 | AI49: 0 | AJ49: 0
A50: Puno | B50: 2020 | C50: 242421 | D50: 1363 | E50: 2659 | F50: 4056 | G50: 84 | H50: 24720 | I50: 35951 | J50: 0 | K50: 0 | L50: 0 | M50: Puno | N50: 2020 | O50: 112 | P50: 0 | Q50: 20 | R50: 0 | S50: 395 | T50: 0 | U50: 59891 | V50: 2259 | W50: 244 | X50: 3571 | Y50: Puno | Z50: 2020 | AA50: 2807 | AB50: 0 | AC50: 571 | AD50: 0 | AE50: 10051 | AF50: 1075 | AG50: 0 | AH50: 0 | AI50: 16506 | AJ50: 76086
B51: 2021 | C51: 241512 | D51: 1353 | E51: 2555 | F51: 3892 | G51: 80 | H51: 23949 | I51: 36863 | J51: 0 | K51: 0 | L51: 0 | N51: 2021 | O51: 108 | P51: 0 | Q51: 19 | R51: 0 | S51: 379 | T51: 22 | U51: 60603 | V51: 2157 | W51: 238 | X51: 3505 | Z51: 2021 | AA51: 2832 | AB51: 0 | AC51: 550 | AD51: 0 | AE51: 9945 | AF51: 1058 | AG51: 0 | AH51: 0 | AI51: 14421 | AJ51: 76983
A52: San Martín | B52: 2020 | C52: 93586.15 | D52: 0 | E52: 29356 | F52: 0 | G52: 60366 | H52: 0 | I52: 0 | J52: 0 | K52: 0 | L52: 102.6 | M52: San Martín | N52: 2020 | O52: 0 | P52: 0 | Q52: 0 | R52: 0 | S52: 0 | T52: 0 | U52: 0 | V52: 3268.3 | W52: 0 | X52: 0 | Y52: San Martín | Z52: 2020 | AA52: 0 | AB52: 0 | AC52: 493.25 | AD52: 0 | AE52: 0 | AF52: 0 | AG52: 0 | AH52: 0 | AI52: 0 | AJ52: 0
B53: 2021 | C53: 89345.9 | D53: 0 | E53: 29362 | F53: 0 | G53: 55074 | H53: 0 | I53: 0 | J53: 8 | K53: 0 | L53: 99.4 | N53: 2021 | O53: 0 | P53: 0 | Q53: 0 | R53: 0 | S53: 0 | T53: 0 | U53: 0 | V53: 4169 | W53: 0 | X53: 0 | Z53: 2021 | AA53: 0 | AB53: 0 | AC53: 633.5 | AD53: 0 | AE53: 0 | AF53: 0 | AG53: 0 | AH53: 0 | AI53: 0 | AJ53: 0
A54: Tacna | B54: 2020 | C54: 3901 | D54: 0 | E54: 0 | F54: 547 | G54: 0 | H54: 0 | I54: 261 | J54: 713 | K54: 0 | L54: 109 | M54: Tacna | N54: 2020 | O54: 154 | P54: 8 | Q54: 0 | R54: 4 | S54: 243 | T54: 99 | U54: 274 | V54: 0 | W54: 122 | X54: 0 | Y54: Tacna | Z54: 2020 | AA54: 0 | AB54: 13 | AC54: 0 | AD54: 0 | AE54: 0 | AF54: 0 | AG54: 0 | AH54: 1354 | AI54: 0 | AJ54: 0
B55: 2021 | C55: 4074 | D55: 0 | E55: 0 | F55: 633 | G55: 0 | H55: 0 | I55: 221 | J55: 977 | K55: 0 | L55: 136 | N55: 2021 | O55: 141 | P55: 14 | Q55: 0 | R55: 1 | S55: 212 | T55: 97 | U55: 358 | V55: 0 | W55: 141 | X55: 0 | Z55: 2021 | AA55: 0 | AB55: 19 | AC55: 0 | AD55: 0 | AE55: 0 | AF55: 0 | AG55: 0 | AH55: 1124 | AI55: 0 | AJ55: 0
A56: Tumbes | B56: 2020 | C56: 5979.65 | D56: 0 | E56: 162.65 | F56: 0 | G56: 5554.3 | H56: 0 | I56: 0 | J56: 0.95 | K56: 0 | L56: 0.2 | M56: Tumbes | N56: 2020 | O56: 5.5 | P56: 0 | Q56: 0 | R56: 0 | S56: 0 | T56: 188.9 | U56: 0 | V56: 66.05 | W56: 1.1 | X56: 0 | Y56: Tumbes | Z56: 2020 | AA56: 0 | AB56: 0 | AC56: 0 | AD56: 0 | AE56: 0 | AF56: 0 | AG56: 0 | AH56: 0 | AI56: 0 | AJ56: 0
B57: 2021 | C57: 8214.07 | D57: 0 | E57: 602.75 | F57: 0 | G57: 7348.25 | H57: 0 | I57: 0 | J57: 0 | K57: 0 | L57: 0.6 | N57: 2021 | O57: 10.1 | P57: 0 | Q57: 0 | R57: 0 | S57: 0 | T57: 133.6 | U57: 0 | V57: 117.85 | W57: 0.42 | X57: 0 | Z57: 2021 | AA57: 0 | AB57: 0 | AC57: 0.5 | AD57: 0 | AE57: 0 | AF57: 0 | AG57: 0 | AH57: 0 | AI57: 0 | AJ57: 0
A58: Ucayali | B58: 2020 | C58: 17806.5 | D58: 0 | E58: 5043 | F58: 0 | G58: 8072 | H58: 0 | I58: 0 | J58: 0 | K58: 0 | L58: 13 | M58: Ucayali | N58: 2020 | O58: 0 | P58: 0 | Q58: 0 | R58: 0 | S58: 0 | T58: 0 | U58: 0 | V58: 4605 | W58: 36.5 | X58: 0 | Y58: Ucayali | Z58: 2020 | AA58: 0 | AB58: 0 | AC58: 37 | AD58: 0 | AE58: 0 | AF58: 0 | AG58: 0 | AH58: 0 | AI58: 0 | AJ58: 0
B59: 2021 | C59: 15867.5 | D59: 0 | E59: 3910 | F59: 0 | G59: 7218 | H59: 0 | I59: 0 | J59: 0 | K59: 0 | L59: 18 | N59: 2021 | O59: 0 | P59: 0 | Q59: 0 | R59: 0 | S59: 0 | T59: 0 | U59: 0 | V59: 4546 | W59: 35.5 | X59: 0 | Z59: 2021 | AA59: 0 | AB59: 0 | AC59: 140 | AD59: 0 | AE59: 0 | AF59: 0 | AG59: 0 | AH59: 0 | AI59: 0 | AJ59: 0
L60: sigue… | X60: sigue… | Y60: p/ Preliminar
Y61: Fuente: Direcciones Regionales de Agricultura
Y62: Elaboración: MIDAGRI-DGESEP (DEIA)

Sheet c-17
A1: C.17 PERÚ: SUPERFICIE COSECHADA DE PRINCIPALES CULTIVOS TRANSITORIOS, SEGÚN MES
A2: ENERO-JUNIO 2020-2021
A3: (Hectárea)
A5: Cultivos | B5: Año | C5: Ene-Jun | D5: Ene | E5: Feb | F5: Mar | G5: Feb | H5: May | I5: Jun | J5: Jul | K5: Ago | L5: Set | M5: Oct | N5: Nov | O5: Dic | P5: Ene-Dic
A6: Nacional | B6: 2020 | C6: 1384787.3 | D6: 101076.5 | E6: 108979.73 | F6: 126238.72 | G6: 303908.48 | H6: 394629.02 | I6: 349954.86 | J6: 256331.47 | K6: 165549.42 | L6: 101487.38 | M6: 94487.899 | N6: 96223.097 | O6: 104602.34 | P6: 2203468.9
B7: 2021 | C7: 1320542.5 | D7: 101146.25 | E7: 107507.73 | F7: 111704.24 | G7: 267974.03 | H7: 351866.07 | I7: 380344.22
A8: Trigo | B8: 2020 | C8: 32013.6 | D8: 10 | E8: 58 | F8: 124 | G8: 920 | H8: 4559 | I8: 26342.6 | J8: 42739.7 | K8: 28559.5 | L8: 7893 | M8: 1555 | N8: 1349 | O8: 114 | P8: 114223.8
B9: 2021 | C9: 24874.2 | D9: 3 | E9: 35 | F9: 102 | G9: 638.2 | H9: 3282 | I9: 20814
A10: Maíz amarillo duro | B10: 2020 | C10: 125711.9 | D10: 24151.4 | E10: 29545.25 | F10: 14704 | G10: 14631 | H10: 19445 | I10: 23235.25 | J10: 24673 | K10: 18283.75 | L10: 12979 | M10: 14683 | N10: 20517.5 | O10: 19560.5 | P10: 236408.65
B11: 2021 | C11: 128696.1 | D11: 22080.5 | E11: 28796.25 | F11: 14238 | G11: 13936.85 | H11: 18793 | I11: 30851.5
A12: Maíz amiláceo | B12: 2020 | C12: 135385.05 | D12: 80 | E12: 473 | F12: 992 | G12: 12327.8 | H12: 56432.75 | I12: 65079.5 | J12: 41701 | K12: 16689 | L12: 3960.5 | M12: 209 | N12: 82 | O12: 215 | P12: 198241.55
B13: 2021 | C13: 121747.99 | D13: 107 | E13: 420 | F13: 627.5 | G13: 11038.25 | H13: 42758.025 | I13: 66797.22
A14: Arroz cáscara | B14: 2020 | C14: 261537.3 | D14: 29554 | E14: 24919 | F14: 32128.6 | G14: 35592.5 | H14: 64726.4 | I14: 74616.8 | J14: 31019 | K14: 19677 | L14: 22120.6 | M14: 24477.5 | N14: 22620.5 | O14: 36145.5 | P14: 417597.4
B15: 2021 | C15: 241876.15 | D15: 30900 | E15: 23172 | F15: 27261 | G15: 26808.5 | H15: 44795.4 | I15: 88939.25
A16: Cebada grano | B16: 2020 | C16: 65241 | D16: 4 | E16: 16 | F16: 92 | G16: 11597 | H16: 22622 | I16: 30910 | J16: 37006.5 | K16: 18579 | L16: 4074 | M16: 309 | N16: 96 | O16: 30 | P16: 125335.5
B17: 2021 | C17: 57108 | D17: 22 | E17: 14 | F17: 126 | G17: 10772 | H17: 19279 | I17: 26895
A18: Quinua | B18: 2020 | C18: 62510.5 | D18: 328 | E18: 1235 | F18: 4578 | G18: 29488.5 | H18: 19156 | I18: 7725 | J18: 2687.1 | K18: 674.5 | L18: 519 | M18: 371 | N18: 405 | O18: 471 | P18: 67638.1
B19: 2021 | C19: 60998.5 | D19: 688 | E19: 742 | F19: 2331 | G19: 27219 | H19: 18505 | I19: 11513.5
A20: Ají | B20: 2020 | C20: 2364.7 | D20: 422.25 | E20: 362.1 | F20: 406.05 | G20: 418.7 | H20: 297.75 | I20: 457.85 | J20: 437.05 | K20: 252.75 | L20: 273.8 | M20: 251.8 | N20: 210.55 | O20: 279.3 | P20: 4069.95
B21: 2021 | C21: 2768.25 | D21: 503.75 | E21: 472.25 | F21: 458 | G21: 478.25 | H21: 345 | I21: 511
A22: Piquillo | B22: 2020 | C22: 234 | D22: 76 | E22: 80 | F22: 29 | G22: 6 | H22: 7 | I22: 36 | J22: 60 | K22: 109 | L22: 172 | M22: 206 | N22: 307 | O22: 188 | P22: 1276
B23: 2021 | C23: 315 | D23: 128 | E23: 91 | F23: 32 | G23: 6 | H23: 12 | I23: 46
A24: Tomate | B24: 2020 | C24: 2246.7 | D24: 479.6 | E24: 347 | F24: 420 | G24: 385 | H24: 337.3 | I24: 277.8 | J24: 293.1 | K24: 373.1 | L24: 403.5 | M24: 505.75 | N24: 568.5 | O24: 456.7 | P24: 4847.35
B25: 2021 | C25: 2719.5 | D25: 512.55 | E25: 449.5 | F25: 487.75 | G25: 402.3 | H25: 451.9 | I25: 415.5
A26: Zapallo | B26: 2020 | C26: 4195.15 | D26: 452.45 | E26: 699.5 | F26: 804 | G26: 836.35 | H26: 976.85 | I26: 426 | J26: 449.35 | K26: 388.5 | L26: 545.5 | M26: 440.6 | N26: 409.6 | O26: 421.4 | P26: 6850.1
B27: 2021 | C27: 4493.1 | D27: 495 | E27: 748 | F27: 872 | G27: 832.25 | H27: 908.85 | I27: 637
A28: Arveja grano verde | B28: 2020 | C28: 19927.2 | D28: 2656.5 | E28: 3470.25 | F28: 3689.5 | G28: 3078 | H28: 2926.95 | I28: 4106 | J28: 4252.1 | K28: 3664 | L28: 2743 | M28: 2404.5 | N28: 1055.5 | O28: 1144.75 | P28: 35191.05
B29: 2021 | C29: 20319.95 | D29: 2580.9 | E29: 3398.55 | F29: 2985 | G29: 2980.9 | H29: 3216.65 | I29: 5157.95
A30: Zanahoria | B30: 2020 | C30: 3983.75 | D30: 532.25 | E30: 560.25 | F30: 762.25 | G30: 749.45 | H30: 828.8 | I30: 550.75 | J30: 633 | K30: 706.85 | L30: 638.25 | M30: 635 | N30: 576.25 | O30: 464 | P30: 7637.1
B31: 2021 | C31: 3965.5 | D31: 537 | E31: 589.75 | F31: 706.75 | G31: 812.75 | H31: 674 | I31: 645.25
A32: Ajo | B32: 2020 | C32: 2061.7 | D32: 279 | E32: 177 | F32: 234 | G32: 295 | H32: 492.3 | I32: 584.4 | J32: 343.6 | K32: 370 | L32: 559.5 | M32: 895 | N32: 2199.13 | O32: 1319.5 | P32: 7748.43
B33: 2021 | C33: 2141.67 | D33: 307.4 | E33: 263.77 | F33: 166.5 | G33: 245 | H33: 426 | I33: 733
A34: Cebolla | B34: 2020 | C34: 7086.45 | D34: 1294.5 | E34: 1017 | F34: 915.3 | G34: 1466.85 | H34: 1343.85 | I34: 1048.95 | J34: 1315.1 | K34: 1952.5 | L34: 1344 | M34: 942.5 | N34: 1277.5 | O34: 1214 | P34: 15132.05
B35: 2021 | C35: 8071.1 | D35: 1340.5 | E35: 1130.5 | F35: 892.6 | G35: 1737.8 | H35: 1247 | I35: 1722.7
P36: sigue…
A37: continúa C.17
A38: Cultivos | B38: Año | C38: Ene-Jun | D38: Ene | E38: Feb | F38: Mar | G38: Abr | H38: May | I38: Jun | J38: Jul | K38: Ago | L38: Set | M38: Oct | N38: Nov | O38: Dic | P38: Ene-Dic
A39: Maíz choclo | B39: 2020 | C39: 32108.9 | D39: 2801.5 | E39: 3976.5 | F39: 5688.9 | G39: 9922.55 | H39: 7775.05 | I39: 1944.4 | J39: 1252.5 | K39: 1691 | L39: 2454.2 | M39: 2540.75 | N39: 1687.25 | O39: 2036.75 | P39: 43771.35
B40: 2021 | C40: 32687.93 | D40: 2912.63 | E40: 3995.35 | F40: 5970.5 | G40: 9595.95 | H40: 6905.55 | I40: 3307.95
A41: Papa | B41: 2020 | C41: 266439.65 | D41: 14652.3 | E41: 19728.25 | F41: 34701 | G41: 81035.2 | H41: 78518.5 | I41: 37804.4 | J41: 11442.9 | K41: 6083.5 | L41: 8051 | M41: 10892.65 | N41: 12961.3 | O41: 16023.75 | P41: 331894.75
B42: 2021 | C42: 259932.45 | D42: 16727.399 | E42: 20032 | F42: 30585.1 | G42: 70050.85 | H42: 80657.85 | I42: 41879.25
A43: Yuca | B43: 2020 | C43: 51804.6 | D43: 8925.45 | E43: 8539 | F43: 8381.45 | G43: 7998.05 | H43: 9136.15 | I43: 8824.5 | J43: 8723 | K43: 8896.95 | L43: 8733.75 | M43: 9839.05 | N43: 10326.8 | O43: 10042.65 | P43: 108366.8
B44: 2021 | C44: 49544.85 | D44: 8072 | E44: 8117.5 | F44: 8218.6 | G44: 7681.5 | H44: 8813.35 | I44: 8641.9
A45: Camote | B45: 2020 | C45: 7038.85 | D45: 1096 | E45: 1029.7 | F45: 1110.55 | G45: 1215.35 | H45: 1384 | I45: 1203.25 | J45: 1226.4 | K45: 919 | L45: 1156.6 | M45: 1527.6 | N45: 1669.85 | O45: 769.6 | P45: 14307.9
B46: 2021 | C46: 5206.17 | D46: 1027.25 | E46: 706.55 | F46: 828.75 | G46: 930.97 | H46: 828.9 | I46: 883.75
A47: Oca | B47: 2020 | C47: 12455.5 | D47: 0 | E47: 14.5 | F47: 133.8 | G47: 3224.6 | H47: 5929.1 | I47: 3153.5 | J47: 1095 | K47: 237.5 | L47: 37 | M47: 0 | N47: 0 | O47: 0 | P47: 13825
B48: 2021 | C48: 11125.7 | D48: 1.5 | E48: 6.5 | F48: 97.5 | G48: 2985 | H48: 5018.95 | I48: 3016.25
A49: Olluco | B49: 2020 | C49: 22508.85 | D49: 132 | E49: 377 | F49: 1279 | G49: 4899.05 | H49: 9710.75 | I49: 6111.05 | J49: 2193.5 | K49: 509.5 | L49: 123 | M49: 127 | N49: 156 | O49: 160 | P49: 25777.85
B50: 2021 | C50: 20391.2 | D50: 138.5 | E50: 443.5 | F50: 1261.5 | G50: 4253.75 | H50: 7865.95 | I50: 6428
A51: Páprika | B51: 2020 | C51: 3522.5 | D51: 722 | E51: 809.6 | F51: 422.9 | G51: 397 | H51: 549 | I51: 622 | J51: 528 | K51: 772 | L51: 351.5 | M51: 310 | N51: 756 | O51: 381 | P51: 6621
B52: 2021 | C52: 2922 | D52: 508 | E52: 755 | F52: 345 | G52: 431 | H52: 464 | I52: 419
A53: Frijol grano seco | B53: 2020 | C53: 31190.75 | D53: 1857.25 | E53: 1475 | F53: 2344 | G53: 3419.25 | H53: 9253.5 | I53: 12841.75 | J53: 12325.75 | K53: 12675.75 | L53: 6268.1 | M53: 3356 | N53: 1691.5 | O53: 970 | P53: 68477.85
B54: 2021 | C54: 32784.25 | D54: 1881 | E54: 2100.5 | F54: 2758.5 | G54: 4946 | H54: 7580.25 | I54: 13518
A55: Pallar grano seco | B55: 2020 | C55: 195 | D55: 46 | E55: 91 | F55: 14 | G55: 36 | H55: 8 | I55: 0 | J55: 53 | K55: 207 | L55: 453 | M55: 2925.5 | N55: 2081.5 | O55: 220.5 | P55: 6135.5
B56: 2021 | C56: 244 | D56: 127 | E56: 44 | F56: 41.5 | G56: 19.5 | H56: 5 | I56: 7
A57: Haba grano seco | B57: 2020 | C57: 40074.2 | D57: 1 | E57: 0 | F57: 146 | G57: 9434.5 | H57: 13030.5 | I57: 17462.2 | J57: 10364 | K57: 3311.75 | L57: 372 | M57: 34 | N57: 32 | O57: 27 | P57: 54214.95
B58: 2021 | C58: 34512.25 | D58: 48 | E58: 46 | F58: 128 | G58: 9563 | H58: 8575.5 | I58: 16151.75
A59: Arveja grano seco | B59: 2020 | C59: 15110 | D59: 1.5 | E59: 23 | F59: 193 | G59: 1580 | H59: 4974.5 | I59: 8338 | J59: 8956.5 | K59: 9257 | L59: 4538 | M59: 3071.5 | N59: 1512.25 | O59: 47 | P59: 42492.25
B60: 2021 | C60: 13981 | D60: 25 | E60: 458 | F60: 112 | G60: 1402 | H60: 3949.5 | I60: 8034.5
A61: Caña para azúcar | B61: 2020 | C61: 38216.489 | D61: 7522.045 | E61: 6328.83 | F61: 5274.4188 | G61: 5478.78 | H61: 6868.02 | I61: 6744.395 | J61: 6305.319 | K61: 6581.52 | L61: 7339.58 | M61: 8777.6991 | N61: 8515.617 | O61: 8853.44 | P61: 84589.664
B62: 2021 | C62: 31378.526 | D62: 5945.37 | E62: 6808.76 | F62: 4712.69 | G62: 3845.26 | H62: 5042.9464 | I62: 5023.5
A63: Maíz chala | B63: 2020 | C63: 17700 | D63: 2761 | E63: 2899 | F63: 3044 | G63: 3025 | H63: 3153 | I63: 2818 | J63: 2844.5 | K63: 3322 | L63: 3021.5 | M63: 3022 | N63: 2956.5 | O63: 2856.5 | P63: 35723
B64: 2021 | C64: 18966 | D64: 3293.5 | E64: 3046 | F64: 3022.5 | G64: 3092 | H64: 3431.5 | I64: 3080.5
A65: Cebada forrajera | B65: 2020 | C65: 18437.5 | D65: 110 | E65: 250.5 | F65: 711 | G65: 9272.5 | H65: 7733.5 | I65: 360 | J65: 192 | K65: 146 | L65: 113 | M65: 75 | N65: 102 | O65: 99 | P65: 19164.5
B66: 2021 | C66: 17248 | D66: 121 | E66: 240 | F66: 668 | G66: 8510.5 | H66: 7135.5 | I66: 573
A67: Avena forrajera | B67: 2020 | C67: 103485.51 | D67: 128.5 | E67: 478.5 | F67: 2916 | G67: 51178.5 | H67: 42453.5 | I67: 6330.51 | J67: 1219.5 | K67: 659.5 | L67: 249.5 | M67: 103.5 | N67: 100.5 | O67: 91.5 | P67: 105909.51
B68: 2021 | C68: 109523.2 | D68: 112.5 | E68: 385.5 | F68: 1668 | G68: 42758.7 | H68: 50897.5 | I68: 13701
A69: p/ Preliminar
A70: Fuente: Direcciones Regionales de Agricultura
A71: Elaboración: MIDAGRI-DGESEP (DEIA)

Sheet c-18
A1: C.18 PERÚ: PRODUCCIÓN DE PRINCIPALES CULTIVOS POR REGIÓN, ENERO-JUNIO 2020_2021
A2: (Tonelada) | N2: continúa C.18 | AA2: continúa C.18 | AM2: continúa C.18 | AZ2: continúa C.18
A4: Región | B4: Años | C4: Trigo | D4: Maíz a. duro | E4: Maíz amiláceo | F4: Arroz cáscara | G4: Cebada grano | H4: Quinua | I4: Espárrago | J4: Alcachofa | K4: Ají | L4: Piquillo | M4: Pimiento | N4: Región | O4: Años | P4: Tomate | Q4: Zapallo | R4: Arveja verde | S4: Zanahoria | T4: Ajo | U4: Cebolla | V4: Maíz choclo | W4: Palta | X4: Plátano | Y4: Mango | Z4: Papaya | AA4: Región | AB4: Años | AC4: Piña | AD4: Granadilla | AE4: Limón. sutíl | AF4: Naranja | AG4: Mandarina | AH4: Tangelo | AI4: Uva | AJ4: Manzana | AK4: Melocotón | AL4: Tuna | AM4: Región | AN4: Años | AO4: Aceituna | AP4: Palma aceitera | AQ4: Papa | AR4: Yuca | AS4: Camote | AT4: Oca | AU4: Olluco | AV4: Café pergamino | AW4: Cacao | AX4: Páprika | AY4: Frijol grano seco | AZ4: Región | BA4: Años | BB4: Pallar grano seco | BC4: Haba seca | BD4: Arveja seca | BE4: Caña para azúcar | BF4: Alfalfa | BG4: Maíz chala | BH4: Cebada forrajera | BI4: Avena forrajera | BJ4: Algodón rama | BK4: Orégano | BL4: Arándano
A5: Total Nacional | B5: 2020p/ | C5: 51120.828 | D5: 578654.32 | E5: 229851.73 | F5: 2327742.2 | G5: 98645.072 | H5: 88137.337 | I5: 187188.44 | J5: 20138.4 | K5: 24998.138 | L5: 6988 | M5: 22804.99 | N5: Total Nacional | O5: 2020p/ | P5: 98961.965 | Q5: 104122.17 | R5: 82468.694 | S5: 93078.123 | T5: 16897.299 | U5: 249061.45 | V5: 281601.91 | W5: 493535.74 | X5: 1153759.6 | Y5: 385084.25 | Z5: 92540.863 | AA5: Total Nacional | AB5: 2020p/ | AC5: 288717.04 | AD5: 26225.519 | AE5: 181026.93 | AF5: 262731.3 | AG5: 261465.88 | AH5: 37324.698 | AI5: 344155.01 | AJ5: 85896.277 | AK5: 23554.142 | AL5: 59218.055 | AM5: Total Nacional | AN5: 2020p/ | AO5: 163732.73 | AP5: 408734.16 | AQ5: 4112658.5 | AR5: 646288.9 | AS5: 127434.34 | AT5: 90630.57 | AU5: 159380.71 | AV5: 273671.4 | AW5: 87826.814 | AX5: 21108.25 | AY5: 40366.896 | AZ5: Total Nacional | BA5: 2020p/ | BB5: 306.85 | BC5: 60128.911 | BD5: 20756.094 | BE5: 4791396.8 | BF5: 4398613.8 | BG5: 899670.97 | BH5: 408991.23 | BI5: 2712513.7 | BJ5: 16038.919 | BK5: 6707.569 | BL5: 10791.909
B6: 2021p/ | C6: 40163.985 | D6: 611801.38 | E6: 222157.01 | F6: 2161777.4 | G6: 88043.455 | H6: 91432.838 | I6: 161949.97 | J6: 26373.062 | K6: 29661.701 | L6: 9585.68 | M6: 21451.599 | O6: 2021p/ | P6: 121163.13 | Q6: 114630.48 | R6: 82859.539 | S6: 90133.397 | T6: 18737.877 | U6: 300804.68 | V6: 286595.49 | W6: 535908.39 | X6: 1143596.9 | Y6: 351782.57 | Z6: 97895.917 | AB6: 2021p/ | AC6: 293479.23 | AD6: 28875.633 | AE6: 184699.1 | AF6: 270039.59 | AG6: 305840.46 | AH6: 38558.34 | AI6: 411293.85 | AJ6: 84801.525 | AK6: 23451.279 | AL6: 48805.482 | AN6: 2021p/ | AO6: 133989.61 | AP6: 519791.97 | AQ6: 4203418.6 | AR6: 628654.67 | AS6: 88246.646 | AT6: 91028.007 | AU6: 156937.37 | AV6: 260733.9 | AW6: 83465.75 | AX6: 18582.168 | AY6: 44167.601 | BA6: 2021p/ | BB6: 276.55 | BC6: 56160.501 | BD6: 22099.59 | BE6: 4295766.8 | BF6: 4396468.8 | BG6: 971468.87 | BH6: 370591.72 | BI6: 3033665.5 | BJ6: 9920.897 | BK6: 6494.859 | BL6: 13365.7
A7: Amazonas | B7: 2020 | C7: 9.497 | D7: 15834.795 | E7: 1037.9 | F7: 226499.15 | G7: 0.96 | H7: 0 | I7: 0 | J7: 0 | K7: 112.95 | L7: 0 | M7: 0 | N7: Amazonas | O7: 2020 | P7: 633.55 | Q7: 855.95 | R7: 714.08 | S7: 1814.26 | T7: 11.6 | U7: 7 | V7: 4445.5 | W7: 771.11 | X7: 55507.839 | Y7: 1426.16 | Z7: 7567.29 | AA7: Amazonas | AB7: 2020 | AC7: 10040.9 | AD7: 694.179 | AE7: 3516.096 | AF7: 3735.63 | AG7: 0 | AH7: 0 | AI7: 0 | AJ7: 5 | AK7: 109.557 | AL7: 0 | AM7: Amazonas | AN7: 2020 | AO7: 0 | AP7: 0 | AQ7: 36053.469 | AR7: 105252.15 | AS7: 169.5 | AT7: 255.1 | AU7: 819.44 | AV7: 27887.342 | AW7: 2527.235 | AX7: 0 | AY7: 1724.56 | AZ7: Amazonas | BA7: 2020 | BB7: 0 | BC7: 57.49 | BD7: 54.855 | BE7: 0 | BF7: 6391.55 | BG7: 0 | BH7: 0 | BI7: 0 | BJ7: 0 | BK7: 0 | BL7: 0
B8: 2021 | C8: 17.68 | D8: 20880.739 | E8: 1422.25 | F8: 210750.4 | G8: 10.56 | H8: 0 | I8: 0 | J8: 0 | K8: 117.32 | L8: 0 | M8: 0 | O8: 2021 | P8: 1228.9 | Q8: 445.35 | R8: 1044.55 | S8: 1854.39 | T8: 11.3 | U8: 7 | V8: 7681.25 | W8: 662.726 | X8: 42922.01 | Y8: 1415.34 | Z8: 7106 | AB8: 2021 | AC8: 9548.8 | AD8: 668.65 | AE8: 3392.186 | AF8: 3447.29 | AG8: 0 | AH8: 0 | AI8: 0 | AJ8: 5 | AK8: 83.198 | AL8: 0 | AN8: 2021 | AO8: 0 | AP8: 0 | AQ8: 33092.339 | AR8: 66381.39 | AS8: 131.5 | AT8: 235.35 | AU8: 846.659 | AV8: 30782.6 | AW8: 2181.403 | AX8: 0 | AY8: 2097.2 | BA8: 2021 | BB8: 0 | BC8: 56.4 | BD8: 60.71 | BE8: 0 | BF8: 6833.219 | BG8: 0 | BH8: 0 | BI8: 0 | BJ8: 0 | BK8: 0 | BL8: 0
A9: Ancash | B9: 2020 | C9: 982 | D9: 67503.5 | E9: 5121.54 | F9: 73185 | G9: 468 | H9: 57.4 | I9: 6946 | J9: 0 | K9: 229.2 | L9: 0 | M9: 0 | N9: Ancash | O9: 2020 | P9: 1966 | Q9: 3853 | R9: 1315.2 | S9: 914 | T9: 87 | U9: 2150 | V9: 36905.6 | W9: 15500.4 | X9: 900 | Y9: 37459 | Z9: 95 | AA9: Ancash | AB9: 2020 | AC9: 0 | AD9: 28 | AE9: 446 | AF9: 1674 | AG9: 0 | AH9: 0 | AI9: 2059 | AJ9: 3172.15 | AK9: 2476 | AL9: 1538 | AM9: Ancash | AN9: 2020 | AO9: 0 | AP9: 0 | AQ9: 93994.15 | AR9: 1660 | AS9: 8612 | AT9: 694.8 | AU9: 1860.35 | AV9: 0 | AW9: 0 | AX9: 977 | AY9: 601.25 | AZ9: Ancash | BA9: 2020 | BB9: 82 | BC9: 721.5 | BD9: 410.2 | BE9: 540493.17 | BF9: 130370 | BG9: 7005 | BH9: 0 | BI9: 0 | BJ9: 2402 | BK9: 0 | BL9: 976
B10: 2021 | C10: 1759 | D10: 62221.7 | E10: 6087 | F10: 74223 | G10: 833 | H10: 67.9 | I10: 7540 | J10: 830 | K10: 265 | L10: 0 | M10: 0 | O10: 2021 | P10: 3290 | Q10: 5978 | R10: 1533 | S10: 1860 | T10: 16 | U10: 1845 | V10: 43038.3 | W10: 15847.1 | X10: 859 | Y10: 38036 | Z10: 85 | AB10: 2021 | AC10: 0 | AD10: 37 | AE10: 442 | AF10: 1842 | AG10: 0 | AH10: 0 | AI10: 2199 | AJ10: 2761.2 | AK10: 2192 | AL10: 1638 | AN10: 2021 | AO10: 0 | AP10: 0 | AQ10: 102813.9 | AR10: 2039 | AS10: 15976 | AT10: 601.1 | AU10: 2586.78 | AV10: 0 | AW10: 0 | AX10: 1540 | AY10: 246.9 | BA10: 2021 | BB10: 29 | BC10: 758 | BD10: 345 | BE10: 355151.57 | BF10: 142784 | BG10: 5122 | BH10: 0 | BI10: 0 | BJ10: 2197 | BK10: 0 | BL10: 1835
A11: Apurimac | B11: 2020 | C11: 5713.36 | D11: 2874.19 | E11: 41310 | F11: 0 | G11: 6797.55 | H11: 10907.98 | I11: 0 | J11: 0 | K11: 36 | L11: 0 | M11: 0 | N11: Apurimac | O11: 2020 | P11: 1101.5 | Q11: 2939 | R11: 2878.02 | S11: 2095.2 | T11: 466.76 | U11: 1016.3 | V11: 15368.85 | W11: 3785.3 | X11: 232.2 | Y11: 275.1 | Z11: 496.2 | AA11: Apurimac | AB11: 2020 | AC11: 0 | AD11: 62.1 | AE11: 253.51 | AF11: 239.8 | AG11: 0 | AH11: 0 | AI11: 0 | AJ11: 837.95 | AK11: 960.99 | AL11: 6134.33 | AM11: Apurimac | AN11: 2020 | AO11: 0 | AP11: 0 | AQ11: 320126.03 | AR11: 305 | AS11: 712 | AT11: 11575.65 | AU11: 23958.5 | AV11: 0 | AW11: 0 | AX11: 0 | AY11: 6415.25 | AZ11: Apurimac | BA11: 2020 | BB11: 13 | BC11: 6692.93 | BD11: 1656.46 | BE11: 0 | BF11: 91733.349 | BG11: 0 | BH11: 7886.5 | BI11: 9896 | BJ11: 0 | BK11: 18.4 | BL11: 0
B12: 2021 | C12: 5044.4 | D12: 4298.9 | E12: 40573.1 | F12: 0 | G12: 7185.68 | H12: 9295.3 | I12: 0 | J12: 0 | K12: 36 | L12: 0 | M12: 0 | O12: 2021 | P12: 1284 | Q12: 2225.5 | R12: 3230.33 | S12: 1890.1 | T12: 507 | U12: 1030.8 | V12: 14327.7 | W12: 3963.8 | X12: 281 | Y12: 332.45 | Z12: 440.3 | AB12: 2021 | AC12: 0 | AD12: 70.6 | AE12: 231.86 | AF12: 184.5 | AG12: 0 | AH12: 0 | AI12: 0 | AJ12: 858.34 | AK12: 928.11 | AL12: 5580.9 | AN12: 2021 | AO12: 0 | AP12: 0 | AQ12: 322615.93 | AR12: 458 | AS12: 695 | AT12: 10651.5 | AU12: 22304.8 | AV12: 0 | AW12: 0 | AX12: 0 | AY12: 7344.7 | BA12: 2021 | BB12: 9 | BC12: 5154.13 | BD12: 2514.49 | BE12: 0 | BF12: 146424.33 | BG12: 0 | BH12: 10115.4 | BI12: 7045 | BJ12: 0 | BK12: 0 | BL12: 0
A13: Arequipa | B13: 2020 | C13: 102.518 | D13: 78.719 | E13: 7116.759 | F13: 284336.14 | G13: 465.259 | H13: 1978.499 | I13: 0 | J13: 8234 | K13: 1539.9 | L13: 0 | M13: 0 | N13: Arequipa | O13: 2020 | P13: 16519.305 | Q13: 27640.326 | R13: 7831.466 | S13: 42404.755 | T13: 4612.049 | U13: 144937.8 | V13: 981.578 | W13: 18128.138 | X13: 0 | Y13: 154.08 | Z13: 30.64 | AA13: Arequipa | AB13: 2020 | AC13: 0 | AD13: 0 | AE13: 35.54 | AF13: 128.7 | AG13: 3299 | AH13: 0 | AI13: 15126.513 | AJ13: 966.759 | AK13: 757.23 | AL13: 3257.648 | AM13: Arequipa | AN13: 2020 | AO13: 40873.27 | AP13: 0 | AQ13: 98208.21 | AR13: 138.65 | AS13: 473.084 | AT13: 41.2 | AU13: 84.938 | AV13: 0 | AW13: 0 | AX13: 5801.66 | AY13: 284.24 | AZ13: Arequipa | BA13: 2020 | BB13: 0 | BC13: 652.323 | BD13: 4.58 | BE13: 25199.111 | BF13: 1333613.4 | BG13: 464007.38 | BH13: 4845.761 | BI13: 4807.711 | BJ13: 392.36 | BK13: 925.79 | BL13: 0
B14: 2021 | C14: 110.34 | D14: 925.058 | E14: 7617.242 | F14: 284103.78 | G14: 451.412 | H14: 1594.156 | I14: 0 | J14: 16044 | K14: 1323.701 | L14: 0 | M14: 0 | O14: 2021 | P14: 20298.75 | Q14: 27530.529 | R14: 7401.882 | S14: 38811.077 | T14: 5020.347 | U14: 198568.4 | V14: 1822.728 | W14: 15418.36 | X14: 0 | Y14: 165.85 | Z14: 30.78 | AB14: 2021 | AC14: 0 | AD14: 0 | AE14: 40.31 | AF14: 105.7 | AG14: 10525 | AH14: 0 | AI14: 14712.688 | AJ14: 954.928 | AK14: 796.871 | AL14: 2666.479 | AN14: 2021 | AO14: 21514.8 | AP14: 0 | AQ14: 81762.369 | AR14: 100.8 | AS14: 477.483 | AT14: 39.894 | AU14: 64.469 | AV14: 0 | AW14: 0 | AX14: 8029.464 | AY14: 789.12 | BA14: 2021 | BB14: 0 | BC14: 859.529 | BD14: 6.17 | BE14: 28940.523 | BF14: 1296900.8 | BG14: 502739.52 | BH14: 5094.821 | BI14: 5084.6 | BJ14: 180.88 | BK14: 995.01 | BL14: 0
A15: Ayacucho | B15: 2020 | C15: 9206 | D15: 1988 | E15: 21927 | F15: 56 | G15: 13025 | H15: 22888 | I15: 0 | J15: 0 | K15: 65 | L15: 0 | M15: 0 | N15: Ayacucho | O15: 2020 | P15: 522 | Q15: 467 | R15: 4681 | S15: 767 | T15: 1509 | U15: 3367 | V15: 10402 | W15: 20021 | X15: 419 | Y15: 223 | Z15: 309 | AA15: Ayacucho | AB15: 2020 | AC15: 77 | AD15: 111 | AE15: 465 | AF15: 1660 | AG15: 294 | AH15: 191 | AI15: 48 | AJ15: 777 | AK15: 3942 | AL15: 18931 | AM15: Ayacucho | AN15: 2020 | AO15: 0 | AP15: 0 | AQ15: 425090 | AR15: 2947 | AS15: 382 | AT15: 8765 | AU15: 14384 | AV15: 1852 | AW15: 3533 | AX15: 0 | AY15: 1954 | AZ15: Ayacucho | BA15: 2020 | BB15: 11 | BC15: 8602 | BD15: 5565 | BE15: 0 | BF15: 120771 | BG15: 0 | BH15: 155 | BI15: 125489 | BJ15: 0 | BK15: 21 | BL15: 0
B16: 2021 | C16: 6848.39 | D16: 1372 | E16: 19553.55 | F16: 27 | G16: 9710.4 | H16: 20520.1 | I16: 0 | J16: 0 | K16: 38 | L16: 0 | M16: 0 | O16: 2021 | P16: 508 | Q16: 441 | R16: 4113 | S16: 1353 | T16: 1038 | U16: 3522 | V16: 8676 | W16: 13604 | X16: 506 | Y16: 68 | Z16: 174 | AB16: 2021 | AC16: 60 | AD16: 27 | AE16: 223 | AF16: 827 | AG16: 154 | AH16: 128 | AI16: 22 | AJ16: 250 | AK16: 1448 | AL16: 12722 | AN16: 2021 | AO16: 0 | AP16: 0 | AQ16: 339161.1 | AR16: 5124 | AS16: 257 | AT16: 13046.1 | AU16: 15843.7 | AV16: 1472 | AW16: 3014 | AX16: 0 | AY16: 1976.6 | BA16: 2021 | BB16: 18 | BC16: 10522.4 | BD16: 7064.99 | BE16: 0 | BF16: 121159.85 | BG16: 0 | BH16: 46 | BI16: 112439 | BJ16: 0 | BK16: 0 | BL16: 0
A17: Cajamarca | B17: 2020 | C17: 3226.47 | D17: 34341.528 | E17: 21532.846 | F17: 81864.918 | G17: 1661.876 | H17: 343.708 | I17: 0 | J17: 0 | K17: 0 | L17: 0 | M17: 0 | N17: Cajamarca | O17: 2020 | P17: 812.47 | Q17: 10518.778 | R17: 9212.651 | S17: 5361.27 | T17: 2854.5 | U17: 945.44 | V17: 22729.389 | W17: 3360.613 | X17: 20187.629 | Y17: 8021.87 | Z17: 1558.456 | AA17: Cajamarca | AB17: 2020 | AC17: 2641.202 | AD17: 1787.175 | AE17: 353.297 | AF17: 3028.301 | AG17: 0 | AH17: 0 | AI17: 256 | AJ17: 324 | AK17: 0 | AL17: 282.5 | AM17: Cajamarca | AN17: 2020 | AO17: 0 | AP17: 0 | AQ17: 259799.92 | AR17: 25914.227 | AS17: 2805.64 | AT17: 4104.498 | AU17: 10559.923 | AV17: 37018.862 | AW17: 748.955 | AX17: 72 | AY17: 8240.8 | AZ17: Cajamarca | BA17: 2020 | BB17: 0 | BC17: 2719.575 | BD17: 820.13 | BE17: 0 | BF17: 86427.313 | BG17: 1183.26 | BH17: 0 | BI17: 11438.3 | BJ17: 0 | BK17: 0 | BL17: 0
B18: 2021 | C18: 2650.219 | D18: 40438.038 | E18: 23667.346 | F18: 90235.4 | G18: 998.23 | H18: 269.6 | I18: 0 | J18: 0 | K18: 0 | L18: 0 | M18: 0 | O18: 2021 | P18: 932.02 | Q18: 9406.527 | R18: 11489.559 | S18: 3955.85 | T18: 3998.08 | U18: 747.48 | V18: 23947.28 | W18: 3669.167 | X18: 21163.02 | Y18: 10209.878 | Z18: 1957.337 | AB18: 2021 | AC18: 3027.218 | AD18: 1771.209 | AE18: 370.737 | AF18: 3114.737 | AG18: 0 | AH18: 0 | AI18: 272 | AJ18: 252 | AK18: 0 | AL18: 162.35 | AN18: 2021 | AO18: 0 | AP18: 0 | AQ18: 264380.35 | AR18: 22469.54 | AS18: 2553.12 | AT18: 1560.425 | AU18: 7635.3 | AV18: 37660.2 | AW18: 779.793 | AX18: 0 | AY18: 9678.971 | BA18: 2021 | BB18: 0 | BC18: 3054.282 | BD18: 1153.68 | BE18: 0 | BF18: 91276.7 | BG18: 1677.5 | BH18: 0 | BI18: 14556 | BJ18: 0 | BK18: 0 | BL18: 0
A19: Callao | B19: 2020 | C19: 0 | D19: 0 | E19: 0 | F19: 0 | G19: 0 | H19: 0 | I19: 0 | J19: 0 | K19: 0 | L19: 0 | M19: 0 | N19: Callao | O19: 2020 | P19: 0 | Q19: 0 | R19: 0 | S19: 0 | T19: 0 | U19: 0 | V19: 0 | W19: 0 | X19: 0 | Y19: 0 | Z19: 0 | AA19: Callao | AB19: 2020 | AC19: 0 | AD19: 0 | AE19: 0 | AF19: 0 | AG19: 0 | AH19: 0 | AI19: 0 | AJ19: 0 | AK19: 0 | AL19: 0 | AM19: Callao | AN19: 2020 | AO19: 0 | AP19: 0 | AQ19: 0 | AR19: 0 | AS19: 0 | AT19: 0 | AU19: 0 | AV19: 0 | AW19: 0 | AX19: 0 | AY19: 0 | AZ19: Callao | BA19: 2020 | BB19: 0 | BC19: 0 | BD19: 0 | BE19: 0 | BF19: 0 | BG19: 0 | BH19: 0 | BI19: 0 | BJ19: 0 | BK19: 0 | BL19: 0
B20: 2021 | C20: 0 | D20: 0 | E20: 0 | F20: 0 | G20: 0 | H20: 0 | I20: 0 | J20: 0 | K20: 0 | L20: 0 | M20: 0 | O20: 2021 | P20: 0 | Q20: 0 | R20: 0 | S20: 0 | T20: 0 | U20: 0 | V20: 0 | W20: 0 | X20: 0 | Y20: 0 | Z20: 0 | AB20: 2021 | AC20: 0 | AD20: 0 | AE20: 0 | AF20: 0 | AG20: 0 | AH20: 0 | AI20: 0 | AJ20: 0 | AK20: 0 | AL20: 0 | AN20: 2021 | AO20: 0 | AP20: 0 | AQ20: 0 | AR20: 0 | AS20: 0 | AT20: 0 | AU20: 0 | AV20: 0 | AW20: 0 | AX20: 0 | AY20: 0 | BA20: 2021 | BB20: 0 | BC20: 0 | BD20: 0 | BE20: 0 | BF20: 0 | BG20: 0 | BH20: 0 | BI20: 0 | BJ20: 0 | BK20: 0 | BL20: 0
A21: Cusco | B21: 2020 | C21: 9246.5 | D21: 5649.359 | E21: 58838.1 | F21: 2028.8 | G21: 15896.15 | H21: 6383.7 | I21: 0 | J21: 8110 | K21: 0 | L21: 0 | M21: 0 | N21: Cusco | O21: 2020 | P21: 428 | Q21: 3142 | R21: 1643.5 | S21: 5795 | T21: 0 | U21: 3738.5 | V21: 32252 | W21: 7207.3 | X21: 16176.4 | Y21: 193.3 | Z21: 3394 | AA21: Cusco | AB21: 2020 | AC21: 2955.1 | AD21: 851 | AE21: 1207.9 | AF21: 10255 | AG21: 1284.7 | AH21: 0 | AI21: 0 | AJ21: 452 | AK21: 1785 | AL21: 14170 | AM21: Cusco | AN21: 2020 | AO21: 0 | AP21: 0 | AQ21: 427567 | AR21: 23214.2 | AS21: 376.6 | AT21: 15121.5 | AU21: 29997.5 | AV21: 21762.8 | AW21: 5786.4 | AX21: 0 | AY21: 2650.49 | AZ21: Cusco | BA21: 2020 | BB21: 0 | BC21: 13082.05 | BD21: 2931.35 | BE21: 0 | BF21: 100734.32 | BG21: 0 | BH21: 16205 | BI21: 256406 | BJ21: 0 | BK21: 0 | BL21: 0
B22: 2021 | C22: 4535.7 | D22: 4901.8 | E22: 64171.89 | F22: 1987.6 | G22: 11012.1 | H22: 11170 | I22: 0 | J22: 6239.962 | K22: 0 | L22: 0 | M22: 0 | O22: 2021 | P22: 633 | Q22: 3070 | R22: 2616.5 | S22: 5792.5 | T22: 0 | U22: 4745 | V22: 35951.5 | W22: 6565.6 | X22: 15929.9 | Y22: 198.5 | Z22: 3209.2 | AB22: 2021 | AC22: 3477 | AD22: 873.2 | AE22: 958.3 | AF22: 10214.8 | AG22: 910.8 | AH22: 0 | AI22: 0 | AJ22: 609 | AK22: 1487 | AL22: 11560 | AN22: 2021 | AO22: 0 | AP22: 0 | AQ22: 415152.05 | AR22: 17595.1 | AS22: 318.2 | AT22: 15834 | AU22: 30079 | AV22: 24301.89 | AW22: 5877.88 | AX22: 0 | AY22: 3334.3 | BA22: 2021 | BB22: 0 | BC22: 10901 | BD22: 2642.3 | BE22: 0 | BF22: 100387.35 | BG22: 0 | BH22: 18583 | BI22: 354670 | BJ22: 0 | BK22: 0 | BL22: 0
A23: Huancavelica | B23: 2020 | C23: 4242.6 | D23: 298.7 | E23: 27858.6 | F23: 0 | G23: 14058.7 | H23: 1692.45 | I23: 0 | J23: 0 | K23: 0 | L23: 0 | M23: 0 | N23: Huancavelica | O23: 2020 | P23: 53.9 | Q23: 2180.45 | R23: 17596.95 | S23: 225.8 | T23: 496.8 | U23: 56.5 | V23: 7180.9 | W23: 13203.7 | X23: 861.3 | Y23: 117.9 | Z23: 289.1 | AA23: Huancavelica | AB23: 2020 | AC23: 0 | AD23: 47.7 | AE23: 156.8 | AF23: 221.4 | AG23: 0 | AH23: 0 | AI23: 0 | AJ23: 163.7 | AK23: 283.15 | AL23: 5856.1 | AM23: Huancavelica | AN23: 2020 | AO23: 0 | AP23: 0 | AQ23: 280364.25 | AR23: 0 | AS23: 56.4 | AT23: 2596.95 | AU23: 15334.77 | AV23: 1.02 | AW23: 0 | AX23: 0 | AY23: 8933.5 | AZ23: Huancavelica | BA23: 2020 | BB23: 0 | BC23: 7865.95 | BD23: 4325 | BE23: 0 | BF23: 129290.9 | BG23: 0 | BH23: 0 | BI23: 21240.8 | BJ23: 0 | BK23: 0 | BL23: 0
B24: 2021 | C24: 2366.65 | D24: 546.2 | E24: 20269.995 | F24: 0 | G24: 9733.65 | H24: 1819.65 | I24: 0 | J24: 0 | K24: 0 | L24: 0 | M24: 0 | O24: 2021 | P24: 270.9 | Q24: 7280.2 | R24: 11597.35 | S24: 968.5 | T24: 428.3 | U24: 283.8 | V24: 6117.1 | W24: 15386.679 | X24: 882.4 | Y24: 106.4 | Z24: 256 | AB24: 2021 | AC24: 0 | AD24: 10.45 | AE24: 160 | AF24: 221.95 | AG24: 0 | AH24: 0 | AI24: 0 | AJ24: 144.65 | AK24: 245.7 | AL24: 6071.75 | AN24: 2021 | AO24: 0 | AP24: 0 | AQ24: 229388.9 | AR24: 0 | AS24: 24.1 | AT24: 2579.4 | AU24: 11741.15 | AV24: 0 | AW24: 0 | AX24: 0 | AY24: 9376.35 | BA24: 2021 | BB24: 1.2 | BC24: 5495.15 | BD24: 3256.7 | BE24: 0 | BF24: 130996.1 | BG24: 0 | BH24: 223 | BI24: 31960.55 | BJ24: 0 | BK24: 0 | BL24: 0
A25: Huánuco | B25: 2020 | C25: 5287 | D25: 28438 | E25: 8527 | F25: 21854 | G25: 3214 | H25: 513.1 | I25: 0 | J25: 0 | K25: 180.7 | L25: 0 | M25: 0 | N25: Huánuco | O25: 2020 | P25: 431 | Q25: 13657 | R25: 8123 | S25: 1743 | T25: 187 | U25: 1034 | V25: 6692.4 | W25: 1026.5 | X25: 113237 | Y25: 322.8 | Z25: 1090.5 | AA25: Huánuco | AB25: 2020 | AC25: 4153 | AD25: 1279.7 | AE25: 777 | AF25: 3780 | AG25: 837 | AH25: 0 | AI25: 0 | AJ25: 95 | AK25: 1333 | AL25: 151.7 | AM25: Huánuco | AN25: 2020 | AO25: 0 | AP25: 17245 | AQ25: 366813 | AR25: 29007 | AS25: 2570 | AT25: 4321 | AU25: 14929 | AV25: 7149 | AW25: 7717 | AX25: 0 | AY25: 1791 | AZ25: Huánuco | BA25: 2020 | BB25: 0 | BC25: 1536 | BD25: 690.999 | BE25: 0 | BF25: 15804 | BG25: 4792 | BH25: 0 | BI25: 18468 | BJ25: 0 | BK25: 0 | BL25: 0
B26: 2021 | C26: 5018 | D26: 21522 | E26: 7595 | F26: 19096 | G26: 3391.5 | H26: 629 | I26: 0 | J26: 0 | K26: 180.5 | L26: 0 | M26: 0 | O26: 2021 | P26: 570 | Q26: 20092 | R26: 8906.5 | S26: 2352 | T26: 193.5 | U26: 1071 | V26: 7259 | W26: 1138 | X26: 113817 | Y26: 298 | Z26: 1135 | AB26: 2021 | AC26: 4187.5 | AD26: 1210.5 | AE26: 789.5 | AF26: 3906 | AG26: 864 | AH26: 0 | AI26: 0 | AJ26: 96 | AK26: 1389.5 | AL26: 151 | AN26: 2021 | AO26: 0 | AP26: 18494 | AQ26: 393988 | AR26: 29431 | AS26: 2417 | AT26: 4544 | AU26: 16880.3 | AV26: 7246 | AW26: 8301.7 | AX26: 0 | AY26: 2065 | BA26: 2021 | BB26: 0 | BC26: 1529 | BD26: 748 | BE26: 0 | BF26: 18548 | BG26: 4895 | BH26: 725 | BI26: 18438 | BJ26: 0 | BK26: 0 | BL26: 0
A27: Ica | B27: 2020 | C27: 20.25 | D27: 95156.29 | E27: 34.3 | F27: 0 | G27: 76.5 | H27: 6.3 | I27: 88894.459 | J27: 0 | K27: 2643.75 | L27: 0 | M27: 44.18 | N27: Ica | O27: 2020 | P27: 48989.55 | Q27: 5371.85 | R27: 244.14 | S27: 142.8 | T27: 22.1 | U27: 46562.88 | V27: 379.799 | W27: 59385.429 | X27: 1334.35 | Y27: 7977.757 | Z27: 144.55 | AA27: Ica | AB27: 2020 | AC27: 0 | AD27: 9.5 | AE27: 1099.2 | AF27: 2424.37 | AG27: 107411.35 | AH27: 1333.9 | AI27: 212650.91 | AJ27: 1126.63 | AK27: 547.5 | AL27: 926.948 | AM27: Ica | AN27: 2020 | AO27: 6712.58 | AP27: 0 | AQ27: 611.61 | AR27: 2155.6 | AS27: 13133 | AT27: 24.8 | AU27: 0 | AV27: 0 | AW27: 0 | AX27: 1182.09 | AY27: 18.9 | AZ27: Ica | BA27: 2020 | BB27: 101.95 | BC27: 0 | BD27: 0 | BE27: 0 | BF27: 65791.829 | BG27: 0 | BH27: 0 | BI27: 0 | BJ27: 10345.989 | BK27: 0 | BL27: 1.5
B28: 2021 | C28: 38.776 | D28: 132412.41 | E28: 215.701 | F28: 0 | G28: 108.557 | H28: 16.699 | I28: 68895.47 | J28: 0 | K28: 4202.27 | L28: 0 | M28: 243.55 | O28: 2021 | P28: 58802.651 | Q28: 5707.82 | R28: 202.929 | S28: 17.8 | T28: 0 | U28: 46124.814 | V28: 150.6 | W28: 61285.859 | X28: 1298.05 | Y28: 7409.839 | Z28: 171.8 | AB28: 2021 | AC28: 0 | AD28: 12 | AE28: 459.419 | AF28: 2568.91 | AG28: 111369.55 | AH28: 1837.4 | AI28: 275002.92 | AJ28: 1125.77 | AK28: 575.25 | AL28: 944.6 | AN28: 2021 | AO28: 5602.7 | AP28: 0 | AQ28: 1714.93 | AR28: 4371.142 | AS28: 9930.633 | AT28: 0 | AU28: 13.65 | AV28: 0 | AW28: 0 | AX28: 1719.204 | AY28: 29.822 | BA28: 2021 | BB28: 188.35 | BC28: 0 | BD28: 0 | BE28: 0 | BF28: 71632.439 | BG28: 0 | BH28: 0 | BI28: 0 | BJ28: 6280.488 | BK28: 0 | BL28: 293.5
A29: Junín | B29: 2020 | C29: 3847 | D29: 19710.5 | E29: 11660.65 | F29: 1256.8 | G29: 10297.1 | H29: 2815.2 | I29: 0 | J29: 2452.4 | K29: 1012.6 | L29: 0 | M29: 0 | N29: Junín | O29: 2020 | P29: 57.4 | Q29: 2277.3 | R29: 21495.2 | S29: 20636.8 | T29: 2972.7 | U29: 1838.8 | V29: 94015 | W29: 22956.6 | X29: 105001.48 | Y29: 814.15 | Z29: 5613.948 | AA29: Junín | AB29: 2020 | AC29: 233506.3 | AD29: 5607.5 | AE29: 1922.85 | AF29: 151309.95 | AG29: 32027.65 | AH29: 30945.6 | AI29: 0 | AJ29: 116.6 | AK29: 288.3 | AL29: 169.6 | AM29: Junín | AN29: 2020 | AO29: 0 | AP29: 0 | AQ29: 354910.26 | AR29: 53318.5 | AS29: 0 | AT29: 3440.7 | AU29: 16717.87 | AV29: 62509.907 | AW29: 15728.992 | AX29: 0 | AY29: 1936.1 | AZ29: Junín | BA29: 2020 | BB29: 0 | BC29: 2880.939 | BD29: 1472.5 | BE29: 0 | BF29: 73303.9 | BG29: 0 | BH29: 4477.7 | BI29: 82796.2 | BJ29: 0 | BK29: 31.15 | BL29: 0
B30: 2021 | C30: 3898 | D30: 20704.85 | E30: 9780.649 | F30: 1126.65 | G30: 10782.3 | H30: 3703.2 | I30: 0 | J30: 2347.3 | K30: 1185.9 | L30: 0 | M30: 0 | O30: 2021 | P30: 60.1 | Q30: 2711.7 | R30: 22099.2 | S30: 20638.4 | T30: 2817 | U30: 1691.5 | V30: 92586.4 | W30: 26746.129 | X30: 109500.46 | Y30: 847.7 | Z30: 6644.14 | AB30: 2021 | AC30: 238332.55 | AD30: 5015.76 | AE30: 1997.28 | AF30: 153512.84 | AG30: 32863.219 | AH30: 31201.46 | AI30: 0 | AJ30: 131.3 | AK30: 330.3 | AL30: 164.5 | AN30: 2021 | AO30: 0 | AP30: 0 | AQ30: 358848.8 | AR30: 51722.5 | AS30: 0 | AT30: 3522 | AU30: 17755.1 | AV30: 60397.809 | AW30: 16366.225 | AX30: 0 | AY30: 2031.58 | BA30: 2021 | BB30: 0 | BC30: 2529.47 | BD30: 1133.17 | BE30: 0 | BF30: 73553.4 | BG30: 0 | BH30: 11209.7 | BI30: 97861.6 | BJ30: 0 | BK30: 38.89 | BL30: 0
A31: La Libertad | B31: 2020 | C31: 5160.5 | D31: 34738.4 | E31: 8983.2 | F31: 382750.5 | G31: 3008.4 | H31: 387.8 | I31: 78015.9 | J31: 0 | K31: 2565.25 | L31: 4902 | M31: 15010.6 | N31: La Libertad | O31: 2020 | P31: 3008.65 | Q31: 10427.1 | R31: 2845.4 | S31: 6403.1 | T31: 1341.8 | U31: 11835.2 | V31: 9205.2 | W31: 170411.89 | X31: 5727.278 | Y31: 4646.13 | Z31: 2175.27 | AA31: La Libertad | AB31: 2020 | AC31: 12820.3 | AD31: 1432.068 | AE31: 282.408 | AF31: 1144.42 | AG31: 2613.72 | AH31: 0 | AI31: 30359.6 | AJ31: 796.529 | AK31: 90.25 | AL31: 773.5 | AM31: La Libertad | AN31: 2020 | AO31: 168 | AP31: 0 | AQ31: 405698.5 | AR31: 7557.9 | AS31: 2126.7 | AT31: 2396.1 | AU31: 3356.6 | AV31: 147.247 | AW31: 32.919 | AX31: 240 | AY31: 1990.97 | AZ31: La Libertad | BA31: 2020 | BB31: 6 | BC31: 1377.4 | BD31: 1527.6 | BE31: 2418124 | BF31: 100259.75 | BG31: 82779 | BH31: 525 | BI31: 4128.8 | BJ31: 0 | BK31: 0 | BL31: 7354.809
B32: 2021 | C32: 5380.5 | D32: 35634.25 | E32: 8506.15 | F32: 282722.5 | G32: 3211.7 | H32: 530.2 | I32: 78078.6 | J32: 0 | K32: 2422.1 | L32: 5937.68 | M32: 13148 | O32: 2021 | P32: 3287.2 | Q32: 9489.6 | R32: 3292.2 | S32: 5450.55 | T32: 1096.6 | U32: 10641.7 | V32: 7959.6 | W32: 170195.07 | X32: 7505.589 | Y32: 4214.259 | Z32: 1335.149 | AB32: 2021 | AC32: 12604.65 | AD32: 1171.239 | AE32: 241.509 | AF32: 750.97 | AG32: 5522.42 | AH32: 0 | AI32: 28557.09 | AJ32: 558.559 | AK32: 83.368 | AL32: 662.089 | AN32: 2021 | AO32: 169.8 | AP32: 0 | AQ32: 463515.3 | AR32: 8209.35 | AS32: 2333.2 | AT32: 2255.1 | AU32: 4163 | AV32: 132.45 | AW32: 30.149 | AX32: 420 | AY32: 1767.4 | BA32: 2021 | BB32: 0 | BC32: 1363.1 | BD32: 1872.9 | BE32: 1972567.4 | BF32: 97030.108 | BG32: 83609 | BH32: 810 | BI32: 13121.3 | BJ32: 0 | BK32: 0 | BL32: 8388.7
A33: Lambayeque | B33: 2020 | C33: 8 | D33: 37773 | E33: 1014 | F33: 421091 | G33: 9 | H33: 18 | I33: 2129 | J33: 0 | K33: 161 | L33: 0 | M33: 0 | N33: Lambayeque | O33: 2020 | P33: 2104 | Q33: 396 | R33: 239 | S33: 421 | T33: 0 | U33: 4696 | V33: 11071 | W33: 70632 | X33: 8106.5 | Y33: 75841 | Z33: 65 | AA33: Lambayeque | AB33: 2020 | AC33: 0 | AD33: 328 | AE33: 22897 | AF33: 2071 | AG33: 0 | AH33: 0 | AI33: 6836 | AJ33: 0 | AK33: 0 | AL33: 10 | AM33: Lambayeque | AN33: 2020 | AO33: 0 | AP33: 0 | AQ33: 2455 | AR33: 2546 | AS33: 8039.5 | AT33: 167 | AU33: 392.5 | AV33: 559 | AW33: 60 | AX33: 162 | AY33: 40 | AZ33: Lambayeque | BA33: 2020 | BB33: 58 | BC33: 35.9 | BD33: 6 | BE33: 906516.36 | BF33: 36890 | BG33: 25983 | BH33: 0 | BI33: 0 | BJ33: 1697.87 | BK33: 0 | BL33: 1185
B34: 2021 | C34: 27 | D34: 23081.74 | E34: 653 | F34: 398696.2 | G34: 8 | H34: 0 | I34: 275 | J34: 0 | K34: 0 | L34: 1628 | M34: 17 | O34: 2021 | P34: 565 | Q34: 455 | R34: 668 | S34: 226 | T34: 0 | U34: 2636 | V34: 6937 | W34: 98058 | X34: 8153 | Y34: 64535 | Z34: 1570 | AB34: 2021 | AC34: 0 | AD34: 210 | AE34: 26924 | AF34: 406 | AG34: 0 | AH34: 0 | AI34: 8342 | AJ34: 0 | AK34: 0 | AL34: 5 | AN34: 2021 | AO34: 0 | AP34: 0 | AQ34: 2141 | AR34: 1737 | AS34: 3261 | AT34: 0 | AU34: 180 | AV34: 0 | AW34: 72.9 | AX34: 360 | AY34: 45.5 | BA34: 2021 | BB34: 14 | BC34: 54.45 | BD34: 0 | BE34: 1052354.9 | BF34: 27498 | BG34: 22282 | BH34: 0 | BI34: 0 | BJ34: 743.729 | BK34: 0 | BL34: 1616
A35: Lima | B35: 2020 | C35: 71.76 | D35: 74514.95 | E35: 783.2 | F35: 0 | G35: 88.2 | H35: 46.2 | I35: 11203.08 | J35: 1342 | K35: 3359.5 | L35: 10 | M35: 1786.9 | N35: Lima | O35: 2020 | P35: 15154.4 | Q35: 5594.3 | R35: 1096.55 | S35: 2956.1 | T35: 2225.1 | U35: 7614.4 | V35: 10118 | W35: 65758.4 | X35: 1814.5 | Y35: 5112 | Z35: 440.5 | AA35: Lima | AB35: 2020 | AC35: 0 | AD35: 458 | AE35: 9.8 | AF35: 5785.9 | AG35: 96503.84 | AH35: 1800 | AI35: 46117.5 | AJ35: 73460.6 | AK35: 9893 | AL35: 2741 | AM35: Lima | AN35: 2020 | AO35: 607 | AP35: 0 | AQ35: 37869.989 | AR35: 13591.4 | AS35: 73030.9 | AT35: 165.18 | AU35: 436.49 | AV35: 0 | AW35: 0 | AX35: 11616.5 | AY35: 1152.5 | AZ35: Lima | BA35: 2020 | BB35: 34.9 | BC35: 67 | BD35: 7.76 | BE35: 647107.02 | BF35: 74792.33 | BG35: 227151.7 | BH35: 0 | BI35: 0 | BJ35: 1192.5 | BK35: 0 | BL35: 1089.6
B36: 2021 | C36: 29.1 | D36: 72882.1 | E36: 454.5 | F36: 0 | G36: 98.6 | H36: 0 | I36: 7160.9 | J36: 911.8 | K36: 3019.9 | L36: 0 | M36: 2359.6 | O36: 2021 | P36: 20640.7 | Q36: 5564.9 | R36: 1230.1 | S36: 3601 | T36: 3464.5 | U36: 7335.8 | V36: 12180.5 | W36: 79691.1 | X36: 1825.7 | Y36: 5732.3 | Z36: 303.6 | AB36: 2021 | AC36: 0 | AD36: 310.7 | AE36: 46.7 | AF36: 12461.9 | AG36: 124940.3 | AH36: 1807.3 | AI36: 49958.6 | AJ36: 73661 | AK36: 12794.1 | AL36: 2344.2 | AN36: 2021 | AO36: 731.9 | AP36: 0 | AQ36: 80118 | AR36: 13533.4 | AS36: 38349 | AT36: 163.3 | AU36: 454.6 | AV36: 0 | AW36: 0 | AX36: 6302.5 | AY36: 692.9 | BA36: 2021 | BB36: 17 | BC36: 110.5 | BD36: 17.5 | BE36: 703936.53 | BF36: 61510.3 | BG36: 278078.2 | BH36: 0 | BI36: 0 | BJ36: 518.8 | BK36: 0 | BL36: 551.5
A37: Lima Metropolitana | B37: 2020 | C37: 0 | D37: 16.14 | E37: 6.26 | F37: 0 | G37: 20.23 | H37: 2.07 | I37: 0 | J37: 0 | K37: 2669.05 | L37: 0 | M37: 1220.25 | N37: Lima Metropolitana | O37: 2020 | P37: 1067.42 | Q37: 335.23 | R37: 49.31 | S37: 0 | T37: 0 | U37: 2938.1 | V37: 42.8 | W37: 895.7 | X37: 147.5 | Y37: 23.6 | Z37: 0 | AA37: Lima Metropolitana | AB37: 2020 | AC37: 0 | AD37: 0 | AE37: 0 | AF37: 0 | AG37: 6391.46 | AH37: 0 | AI37: 409.7 | AJ37: 955.82 | AK37: 72.8 | AL37: 646.4 | AM37: Lima Metropolitana | AN37: 2020 | AO37: 389.16 | AP37: 0 | AQ37: 197.39 | AR37: 291.1 | AS37: 2556.36 | AT37: 0 | AU37: 0 | AV37: 0 | AW37: 0 | AX37: 0 | AY37: 0 | AZ37: Lima Metropolitana | BA37: 2020 | BB37: 0 | BC37: 0 | BD37: 0 | BE37: 0 | BF37: 270 | BG37: 19946.199 | BH37: 0 | BI37: 0 | BJ37: 8.2 | BK37: 0 | BL37: 0
B38: 2021 | C38: 15.51 | D38: 162.019 | E38: 6.2 | F38: 0 | G38: 25.46 | H38: 6.314 | I38: 0 | J38: 0 | K38: 2572.7 | L38: 0 | M38: 1081.259 | O38: 2021 | P38: 1070.73 | Q38: 331.18 | R38: 98.53 | S38: 53.62 | T38: 0 | U38: 3018.1 | V38: 14.46 | W38: 795.5 | X38: 136 | Y38: 20.5 | Z38: 0 | AB38: 2021 | AC38: 0 | AD38: 0 | AE38: 0 | AF38: 0 | AG38: 6709.04 | AH38: 0 | AI38: 270.3 | AJ38: 886.219 | AK38: 73.7 | AL38: 729.66 | AN38: 2021 | AO38: 394.43 | AP38: 0 | AQ38: 55.51 | AR38: 244 | AS38: 2561.55 | AT38: 0 | AU38: 0 | AV38: 0 | AW38: 0 | AX38: 0 | AY38: 9.9 | BA38: 2021 | BB38: 0 | BC38: 0 | BD38: 0 | BE38: 0 | BF38: 274 | BG38: 20053.86 | BH38: 0 | BI38: 0 | BJ38: 0 | BK38: 0 | BL38: 0
A39: Loreto | B39: 2020 | C39: 0 | D39: 18792 | E39: 0 | F39: 19019 | G39: 0 | H39: 0 | I39: 0 | J39: 0 | K39: 246 | L39: 0 | M39: 0 | N39: Loreto | O39: 2020 | P39: 145 | Q39: 234 | R39: 0 | S39: 0 | T39: 0 | U39: 0 | V39: 4796 | W39: 1782 | X39: 137089 | Y39: 869 | Z39: 7708 | AA39: Loreto | AB39: 2020 | AC39: 5573 | AD39: 73 | AE39: 6661 | AF39: 1705 | AG39: 1490 | AH39: 0 | AI39: 0 | AJ39: 0 | AK39: 0 | AL39: 0 | AM39: Loreto | AN39: 2020 | AO39: 0 | AP39: 56845 | AQ39: 0 | AR39: 194362 | AS39: 0 | AT39: 0 | AU39: 0 | AV39: 0 | AW39: 211.1 | AX39: 0 | AY39: 0 | AZ39: Loreto | BA39: 2020 | BB39: 0 | BC39: 0 | BD39: 0 | BE39: 0 | BF39: 0 | BG39: 0 | BH39: 0 | BI39: 0 | BJ39: 0 | BK39: 0 | BL39: 0
B40: 2021 | C40: 0 | D40: 18750 | E40: 0 | F40: 19254 | G40: 0 | H40: 0 | I40: 0 | J40: 0 | K40: 238 | L40: 0 | M40: 0 | O40: 2021 | P40: 134 | Q40: 222 | R40: 0 | S40: 0 | T40: 0 | U40: 0 | V40: 4180 | W40: 1782 | X40: 138457 | Y40: 874 | Z40: 7752 | AB40: 2021 | AC40: 5618 | AD40: 72 | AE40: 6694 | AF40: 1723 | AG40: 1493 | AH40: 0 | AI40: 0 | AJ40: 0 | AK40: 0 | AL40: 0 | AN40: 2021 | AO40: 0 | AP40: 56893 | AQ40: 0 | AR40: 202637 | AS40: 0 | AT40: 0 | AU40: 0 | AV40: 0 | AW40: 227.3 | AX40: 0 | AY40: 0 | BA40: 2021 | BB40: 0 | BC40: 0 | BD40: 0 | BE40: 0 | BF40: 0 | BG40: 0 | BH40: 0 | BI40: 0 | BJ40: 0 | BK40: 0 | BL40: 0
A41: Madre de Dios | B41: 2020 | C41: 0 | D41: 21252 | E41: 0 | F41: 5742.3 | G41: 0 | H41: 0 | I41: 0 | J41: 0 | K41: 0 | L41: 0 | M41: 0 | N41: Madre de Dios | O41: 2020 | P41: 0 | Q41: 0 | R41: 0 | S41: 0 | T41: 0 | U41: 0 | V41: 0 | W41: 0 | X41: 14911 | Y41: 0 | Z41: 16115 | AA41: Madre de Dios | AB41: 2020 | AC41: 3517 | AD41: 0 | AE41: 332.9 | AF41: 941 | AG41: 442.1 | AH41: 0 | AI41: 0 | AJ41: 0 | AK41: 0 | AL41: 0 | AM41: Madre de Dios | AN41: 2020 | AO41: 0 | AP41: 0 | AQ41: 0 | AR41: 8882 | AS41: 213.29 | AT41: 0 | AU41: 0 | AV41: 15.578 | AW41: 676.82 | AX41: 0 | AY41: 1.7 | AZ41: Madre de Dios | BA41: 2020 | BB41: 0 | BC41: 0 | BD41: 0 | BE41: 0 | BF41: 0 | BG41: 0 | BH41: 0 | BI41: 0 | BJ41: 0 | BK41: 0 | BL41: 0
B42: 2021 | C42: 0 | D42: 23466.4 | E42: 0 | F42: 5802.1 | G42: 0 | H42: 0 | I42: 0 | J42: 0 | K42: 0 | L42: 0 | M42: 0 | O42: 2021 | P42: 0 | Q42: 0 | R42: 0 | S42: 0 | T42: 0 | U42: 0 | V42: 0 | W42: 0 | X42: 17555 | Y42: 0 | Z42: 15911.5 | AB42: 2021 | AC42: 3022.5 | AD42: 0 | AE42: 368.7 | AF42: 880 | AG42: 428.3 | AH42: 0 | AI42: 0 | AJ42: 0 | AK42: 0 | AL42: 0 | AN42: 2021 | AO42: 0 | AP42: 0 | AQ42: 0 | AR42: 10558 | AS42: 288.14 | AT42: 0 | AU42: 0 | AV42: 18.5 | AW42: 788.329 | AX42: 0 | AY42: 10.65 | BA42: 2021 | BB42: 0 | BC42: 0 | BD42: 0 | BE42: 0 | BF42: 0 | BG42: 0 | BH42: 0 | BI42: 0 | BJ42: 0 | BK42: 0 | BL42: 0
A43: Moquegua | B43: 2020 | C43: 26.563 | D43: 137.69 | E43: 680.031 | F43: 0 | G43: 69.447 | H43: 28.8 | I43: 0 | J43: 0 | K43: 4.95 | L43: 0 | M43: 0 | N43: Moquegua | O43: 2020 | P43: 106.11 | Q43: 246.87 | R43: 24.127 | S43: 218.89 | T43: 35.89 | U43: 1196.33 | V43: 399.56 | W43: 4221.348 | X43: 3.3 | Y43: 78.79 | Z43: 46.5 | AA43: Moquegua | AB43: 2020 | AC43: 0 | AD43: 0 | AE43: 46.716 | AF43: 75.1 | AG43: 5.051 | AH43: 0 | AI43: 7588.29 | AJ43: 595.539 | AK43: 150.365 | AL43: 2214.439 | AM43: Moquegua | AN43: 2020 | AO43: 51.72 | AP43: 0 | AQ43: 6186.09 | AR43: 0 | AS43: 8.162 | AT43: 131.852 | AU43: 61.4 | AV43: 0 | AW43: 0 | AX43: 0 | AY43: 14.3 | AZ43: Moquegua | BA43: 2020 | BB43: 0 | BC43: 118.394 | BD43: 0 | BE43: 0 | BF43: 416345.36 | BG43: 2757.43 | BH43: 0 | BI43: 231.389 | BJ43: 0 | BK43: 1133.229 | BL43: 0
B44: 2021 | C44: 62.18 | D44: 177.51 | E44: 674.033 | F44: 0 | G44: 103.071 | H44: 29.01 | I44: 0 | J44: 0 | K44: 0 | L44: 0 | M44: 0 | O44: 2021 | P44: 110.608 | Q44: 271.74 | R44: 99.929 | S44: 219.79 | T44: 117.85 | U44: 2473.89 | V44: 411.928 | W44: 4394.258 | X44: 1.5 | Y44: 76.57 | Z44: 52.16 | AB44: 2021 | AC44: 0 | AD44: 0 | AE44: 119.469 | AF44: 68.21 | AG44: 5.11 | AH44: 0 | AI44: 5902.25 | AJ44: 505.559 | AK44: 141.982 | AL44: 1976.27 | AN44: 2021 | AO44: 102.98 | AP44: 0 | AQ44: 6866.677 | AR44: 0 | AS44: 17.47 | AT44: 119.21 | AU44: 58.2 | AV44: 0 | AW44: 0 | AX44: 0 | AY44: 18.19 | BA44: 2021 | BB44: 0 | BC44: 117.92 | BD44: 0 | BE44: 0 | BF44: 373413.81 | BG44: 4016.79 | BH44: 0 | BI44: 383.079 | BJ44: 0 | BK44: 820.959 | BL44: 0
A45: Pasco | B45: 2020 | C45: 0 | D45: 3572.289 | E45: 1275.59 | F45: 1123.349 | G45: 98 | H45: 0 | I45: 0 | J45: 0 | K45: 1799.319 | L45: 0 | M45: 0 | N45: Pasco | O45: 2020 | P45: 0 | Q45: 7588.11 | R45: 2046.1 | S45: 564.648 | T45: 20 | U45: 0 | V45: 11326.499 | W45: 3568.96 | X45: 34403.588 | Y45: 76 | Z45: 978.357 | AA45: Pasco | AB45: 2020 | AC45: 472.659 | AD45: 11478.28 | AE45: 94 | AF45: 598.1 | AG45: 190 | AH45: 0 | AI45: 0 | AJ45: 0 | AK45: 0 | AL45: 17.89 | AM45: Pasco | AN45: 2020 | AO45: 0 | AP45: 0 | AQ45: 157348.66 | AR45: 32479.439 | AS45: 0 | AT45: 4796.52 | AU45: 6796.929 | AV45: 9909.189 | AW45: 1999.819 | AX45: 0 | AY45: 330.45 | AZ45: Pasco | BA45: 2020 | BB45: 0 | BC45: 676.34 | BD45: 52.31 | BE45: 0 | BF45: 2711.766 | BG45: 0 | BH45: 0 | BI45: 898.48 | BJ45: 0 | BK45: 0 | BL45: 0
B46: 2021 | C46: 0 | D46: 4626.848 | E46: 641.65 | F46: 1205.82 | G46: 98 | H46: 0 | I46: 0 | J46: 0 | K46: 2457.31 | L46: 0 | M46: 0 | O46: 2021 | P46: 0 | Q46: 7097.66 | R46: 2367.98 | S46: 609.92 | T46: 18.4 | U46: 0 | V46: 10470.84 | W46: 4876.917 | X46: 39409.769 | Y46: 80 | Z46: 999.959 | AB46: 2021 | AC46: 295.28 | AD46: 15122.947 | AE46: 100 | AF46: 499.62 | AG46: 166 | AH46: 0 | AI46: 0 | AJ46: 0 | AK46: 0 | AL46: 15.684 | AN46: 2021 | AO46: 0 | AP46: 0 | AQ46: 150210.11 | AR46: 28144.43 | AS46: 0 | AT46: 5091.498 | AU46: 6308.32 | AV46: 8784.688 | AW46: 2367.249 | AX46: 0 | AY46: 363.69 | BA46: 2021 | BB46: 0 | BC46: 508 | BD46: 58.2 | BE46: 0 | BF46: 3270.235 | BG46: 0 | BH46: 0 | BI46: 0 | BJ46: 0 | BK46: 0 | BL46: 0
A47: Piura | B47: 2020 | C47: 2064 | D47: 15517 | E47: 3760 | F47: 253304 | G47: 33 | H47: 0 | I47: 0 | J47: 0 | K47: 0 | L47: 2076 | M47: 4044.7 | N47: Piura | O47: 2020 | P47: 344 | Q47: 0 | R47: 371 | S47: 461 | T47: 12 | U47: 1270 | V47: 600 | W47: 5918 | X47: 191180 | Y47: 240376 | Z47: 246 | AA47: Piura | AB47: 2020 | AC47: 0 | AD47: 362 | AE47: 96041 | AF47: 1390 | AG47: 0 | AH47: 0 | AI47: 15327 | AJ47: 0 | AK47: 0 | AL47: 0 | AM47: Piura | AN47: 2020 | AO47: 0 | AP47: 0 | AQ47: 11863 | AR47: 3667 | AS47: 7305 | AT47: 2179 | AU47: 884 | AV47: 1870 | AW47: 1365 | AX47: 983 | AY47: 1080 | AZ47: Piura | BA47: 2020 | BB47: 0 | BC47: 182 | BD47: 143 | BE47: 253957.04 | BF47: 2541 | BG47: 0 | BH47: 0 | BI47: 0 | BJ47: 0 | BK47: 0 | BL47: 185
B48: 2021 | C48: 642 | D48: 15267 | E48: 1879 | F48: 238591 | G48: 13 | H48: 0 | I48: 0 | J48: 0 | K48: 0 | L48: 2020 | M48: 3500 | O48: 2021 | P48: 746 | Q48: 195 | R48: 768 | S48: 323 | T48: 2 | U48: 1590 | V48: 450 | W48: 6598 | X48: 172135 | Y48: 216169 | Z48: 691 | AB48: 2021 | AC48: 0 | AD48: 392 | AE48: 88663 | AF48: 1341 | AG48: 0 | AH48: 0 | AI48: 19473 | AJ48: 0 | AK48: 0 | AL48: 0 | AN48: 2021 | AO48: 0 | AP48: 0 | AQ48: 10045 | AR48: 1248 | AS48: 4079 | AT48: 535 | AU48: 393 | AV48: 1454 | AW48: 1283 | AX48: 100 | AY48: 824 | BA48: 2021 | BB48: 0 | BC48: 294 | BD48: 183 | BE48: 182815.97 | BF48: 2738 | BG48: 0 | BH48: 0 | BI48: 0 | BJ48: 0 | BK48: 0 | BL48: 681
A49: Puno | B49: 2020 | C49: 1906.81 | D49: 4476.5 | E49: 6633.75 | F49: 153.8 | G49: 29357.7 | H49: 39618.13 | I49: 0 | J49: 0 | K49: 0 | L49: 0 | M49: 0 | N49: Puno | O49: 2020 | P49: 0 | Q49: 1120.2 | R49: 0 | S49: 153.5 | T49: 0 | U49: 6541.2 | V49: 0 | W49: 2203 | X49: 5862 | Y49: 0 | Z49: 2373 | AA49: Puno | AB49: 2020 | AC49: 96 | AD49: 519 | AE49: 37 | AF49: 15776 | AG49: 3742 | AH49: 0 | AI49: 0 | AJ49: 0 | AK49: 394 | AL49: 0 | AM49: Puno | AN49: 2020 | AO49: 0 | AP49: 0 | AQ49: 822044 | AR49: 29643 | AS49: 2768.2 | AT49: 29853.72 | AU49: 18806.5 | AV49: 5820 | AW49: 291 | AX49: 0 | AY49: 684.9 | AZ49: Puno | BA49: 2020 | BB49: 0 | BC49: 12861.12 | BD49: 1088.35 | BE49: 0 | BF49: 1471568 | BG49: 0 | BH49: 374896.27 | BI49: 2176713 | BJ49: 0 | BK49: 17 | BL49: 0
B50: 2021 | C50: 1720.54 | D50: 4309.2 | E50: 6494.75 | F50: 146.6 | G50: 30268.235 | H50: 41336.709 | I50: 0 | J50: 0 | K50: 0 | L50: 0 | M50: 0 | O50: 2021 | P50: 0 | Q50: 1108.7 | R50: 0 | S50: 155.9 | T50: 0 | U50: 6086.4 | V50: 105.8 | W50: 2210 | X50: 5880.5 | Y50: 0 | Z50: 2375.1 | AB50: 2021 | AC50: 109 | AD50: 524 | AE50: 38.3 | AF50: 16008 | AG50: 3738.7 | AH50: 0 | AI50: 0 | AJ50: 0 | AK50: 387.2 | AL50: 0 | AN50: 2021 | AO50: 0 | AP50: 0 | AQ50: 939813.3 | AR50: 35130.8 | AS50: 2211.6 | AT50: 30250.13 | AU50: 19629.34 | AV50: 5798.8 | AW50: 292 | AX50: 0 | AY50: 659.03 | BA50: 2021 | BB50: 0 | BC50: 12853.17 | BD50: 1042.78 | BE50: 0 | BF50: 1486209.2 | BG50: 0 | BH50: 323784.8 | BI50: 2378106.4 | BJ50: 0 | BK50: 17 | BL50: 0
A51: San Martín | B51: 2020 | C51: 0 | D51: 84066.839 | E51: 0 | F51: 469410.44 | G51: 0 | H51: 0 | I51: 0 | J51: 0 | K51: 0 | L51: 0 | M51: 0 | N51: San Martín | O51: 2020 | P51: 1372 | Q51: 0 | R51: 0 | S51: 0 | T51: 0 | U51: 0 | V51: 0 | W51: 152.75 | X51: 217248.25 | Y51: 266.4 | Z51: 13702.8 | AA51: San Martín | AB51: 2020 | AC51: 8734.5 | AD51: 0 | AE51: 3064.52 | AF51: 37382.9 | AG51: 342.5 | AH51: 0 | AI51: 559.5 | AJ51: 0 | AK51: 0 | AL51: 0 | AM51: San Martín | AN51: 2020 | AO51: 0 | AP51: 191027.85 | AQ51: 0 | AR51: 51885.5 | AS51: 0 | AT51: 0 | AU51: 0 | AV51: 91946.8 | AW51: 34218.8 | AX51: 0 | AY51: 467.847 | AZ51: San Martín | BA51: 2020 | BB51: 0 | BC51: 0 | BD51: 0 | BE51: 0 | BF51: 0 | BG51: 0 | BH51: 0 | BI51: 0 | BJ51: 0 | BK51: 0 | BL51: 0
B52: 2021 | C52: 0 | D52: 92126 | E52: 0 | F52: 432680.47 | G52: 0 | H52: 0 | I52: 0 | J52: 0 | K52: 106 | L52: 0 | M52: 0 | O52: 2021 | P52: 1357.5 | Q52: 0 | R52: 0 | S52: 0 | T52: 0 | U52: 0 | V52: 0 | W52: 222.5 | X52: 208727 | Y52: 63.55 | Z52: 12682.3 | AB52: 2021 | AC52: 7149.8 | AD52: 0 | AE52: 2587.9 | AF52: 28050 | AG52: 327 | AH52: 0 | AI52: 577 | AJ52: 0 | AK52: 0 | AL52: 0 | AN52: 2021 | AO52: 0 | AP52: 197017.53 | AQ52: 0 | AR52: 70257 | AS52: 0 | AT52: 0 | AU52: 0 | AV52: 73867 | AW52: 30677 | AX52: 0 | AY52: 598.499 | BA52: 2021 | BB52: 0 | BC52: 0 | BD52: 0 | BE52: 0 | BF52: 0 | BG52: 0 | BH52: 0 | BI52: 0 | BJ52: 0 | BK52: 0 | BL52: 0
A53: Tacna | B53: 2020 | C53: 0 | D53: 0 | E53: 1751 | F53: 0 | G53: 0 | H53: 450 | I53: 0 | J53: 0 | K53: 8363 | L53: 0 | M53: 666 | N53: Tacna | O53: 2020 | P53: 4081 | Q53: 5243 | R53: 62 | S53: 0 | T53: 43 | U53: 7316 | V53: 1354 | W53: 287 | X53: 0 | Y53: 0 | Z53: 0 | AA53: Tacna | AB53: 2020 | AC53: 0 | AD53: 0 | AE53: 0 | AF53: 7440 | AG53: 0 | AH53: 0 | AI53: 6817 | AJ53: 2051 | AK53: 471 | AL53: 1397 | AM53: Tacna | AN53: 2020 | AO53: 114931 | AP53: 0 | AQ53: 5458 | AR53: 0 | AS53: 1904 | AT53: 0 | AU53: 0 | AV53: 0 | AW53: 0 | AX53: 74 | AY53: 0 | AZ53: Tacna | BA53: 2020 | BB53: 0 | BC53: 0 | BD53: 0 | BE53: 0 | BF53: 139004 | BG53: 64066 | BH53: 0 | BI53: 0 | BJ53: 0 | BK53: 4561 | BL53: 0
B54: 2021 | C54: 0 | D54: 0 | E54: 1894 | F54: 0 | G54: 0 | H54: 445 | I54: 0 | J54: 0 | K54: 11497 | L54: 0 | M54: 1069 | O54: 2021 | P54: 5252 | Q54: 4899 | R54: 100 | S54: 0 | T54: 9 | U54: 7386 | V54: 1385 | W54: 330 | X54: 0 | Y54: 0 | Z54: 0 | AB54: 2021 | AC54: 0 | AD54: 0 | AE54: 0 | AF54: 16811 | AG54: 0 | AH54: 0 | AI54: 6005 | AJ54: 2002 | AK54: 495 | AL54: 1411 | AN54: 2021 | AO54: 105473 | AP54: 0 | AQ54: 7735 | AR54: 0 | AS54: 2174 | AT54: 0 | AU54: 0 | AV54: 0 | AW54: 0 | AX54: 111 | AY54: 0 | BA54: 2021 | BB54: 0 | BC54: 0 | BD54: 0 | BE54: 0 | BF54: 144029 | BG54: 48995 | BH54: 0 | BI54: 0 | BJ54: 0 | BK54: 4623 | BL54: 0
A55: Tumbes | B55: 2020 | C55: 0 | D55: 612.912 | E55: 0 | F55: 48299.998 | G55: 0 | H55: 0 | I55: 0 | J55: 0 | K55: 9.969 | L55: 0 | M55: 32.36 | N55: Tumbes | O55: 2020 | P55: 3.4 | Q55: 34.71 | R55: 0 | S55: 0 | T55: 0 | U55: 0 | V55: 1335.838 | W55: 0 | X55: 71220.058 | Y55: 406.532 | Z55: 841.534 | AA55: Tumbes | AB55: 2020 | AC55: 0 | AD55: 0 | AE55: 33169.431 | AF55: 315.95 | AG55: 10.5 | AH55: 22 | AI55: 0 | AJ55: 0 | AK55: 0 | AL55: 0 | AM55: Tumbes | AN55: 2020 | AO55: 0 | AP55: 0 | AQ55: 0 | AR55: 1085.89 | AS55: 8.28 | AT55: 0 | AU55: 0 | AV55: 0 | AW55: 387.344 | AX55: 0 | AY55: 0 | AZ55: Tumbes | BA55: 2020 | BB55: 0 | BC55: 0 | BD55: 0 | BE55: 0 | BF55: 0 | BG55: 0 | BH55: 0 | BI55: 0 | BJ55: 0 | BK55: 0 | BL55: 0
B56: 2021 | C56: 0 | D56: 1489.85 | E56: 0 | F56: 65052.448 | G56: 0 | H56: 0 | I56: 0 | J56: 0 | K56: 0 | L56: 0 | M56: 33.19 | O56: 2021 | P56: 12.4 | Q56: 107.069 | R56: 0 | S56: 0 | T56: 0 | U56: 0 | V56: 942.504 | W56: 0 | X56: 67154.459 | Y56: 348.898 | Z56: 936.704 | AB56: 2021 | AC56: 0 | AD56: 0 | AE56: 39790.926 | AF56: 395.248 | AG56: 17 | AH56: 46 | AI56: 0 | AJ56: 0 | AK56: 0 | AL56: 0 | AN56: 2021 | AO56: 0 | AP56: 0 | AQ56: 0 | AR56: 2080.2 | AS56: 2.15 | AT56: 0 | AU56: 0 | AV56: 0 | AW56: 399.403 | AX56: 0 | AY56: 0.8 | BA56: 2021 | BB56: 0 | BC56: 0 | BD56: 0 | BE56: 0 | BF56: 0 | BG56: 0 | BH56: 0 | BI56: 0 | BJ56: 0 | BK56: 0 | BL56: 0
A57: Ucayali | B57: 2020 | C57: 0 | D57: 11311.017 | E57: 0 | F57: 35766.991 | G57: 0 | H57: 0 | I57: 0 | J57: 0 | K57: 0 | L57: 0 | M57: 0 | N57: Ucayali | O57: 2020 | P57: 61.31 | Q57: 0 | R57: 0 | S57: 0 | T57: 0 | U57: 0 | V57: 0 | W57: 2358.606 | X57: 152189.44 | Y57: 403.68 | Z57: 27260.218 | AA57: Ucayali | AB57: 2020 | AC57: 4130.079 | AD57: 1097.317 | AE57: 8157.964 | AF57: 9648.775 | AG57: 4581.012 | AH57: 3032.198 | AI57: 0 | AJ57: 0 | AK57: 0 | AL57: 0 | AM57: Ucayali | AN57: 2020 | AO57: 0 | AP57: 143616.32 | AQ57: 0 | AR57: 56385.346 | AS57: 183.72 | AT57: 0 | AU57: 0 | AV57: 5222.654 | AW57: 12542.43 | AX57: 0 | AY57: 54.139 | AZ57: Ucayali | BA57: 2020 | BB57: 0 | BC57: 0 | BD57: 0 | BE57: 0 | BF57: 0 | BG57: 0 | BH57: 0 | BI57: 0 | BJ57: 0 | BK57: 0 | BL57: 0
